"ticket_id","created_at","resolved_at","priority","agent","num_interactions","issuecat","channel","status"
"TCK0701000","2025-07-01 00:13:00.000000000",\N,"Medium","Sneha",7,"Payment Failure","Chat","Open"
"TCK0701001","2025-07-01 01:24:00.000000000","2025-07-01 02:47:00.000000000","Medum","Kavya",8,"Account Locked","Web Form","Resolved"
"TCK0701002","2025-07-01 01:49:00.000000000","2025-07-01 19:25:00.000000000","Lw","Rohit",3,"Bug Report","Web Form","Resolved"
"TCK0701004","2025-07-01 03:03:00.000000000","2025-07-02 11:00:00.000000000","Hgh","Ananya",5,"Bug Report","Chat","Resolved"
"TCK0701005","2025-07-01 03:07:00.000000000","2025-07-02 00:35:00.000000000","High","Arjun",1,"Bug Report","Email","Resolved"
"TCK0701006","2025-07-01 03:20:00.000000000","2025-07-01 16:41:00.000000000","Low","Kavya",6,"Payment Failure","Email","Resolved"
"TCK0701007","2025-07-01 04:16:00.000000000","2025-07-02 12:47:00.000000000","High","Arjun",2,"Payment Failure","Web Form","Resolved"
"TCK0701007","2025-07-01 04:16:00.000000000","2025-07-02 12:47:00.000000000","High","Arjun",2,"Payment Failure","Web Form","Resolved"
"TCK0701010","2025-07-01 05:35:00.000000000","2025-07-02 02:42:00.000000000","Low","Kavya",6,"Payment Failure","Email","Resolved"
"TCK0701011","2025-07-01 05:56:00.000000000","2025-07-01 06:52:00.000000000","Medium","Kavya",2,"Feature Request","Email","Resolved"
"TCK0701012","2025-07-01 06:01:00.000000000","2025-07-02 05:51:00.000000000","Medium","Rohit",3,"Login Issue","Web Form","Resolved"
"TCK0701013","2025-07-01 06:57:00.000000000","2025-07-02 04:55:00.000000000","Medium","Rohit",1,"Account Locked","Email","Resolved"
"TCK0701014","2025-07-01 07:16:00.000000000",\N,"High","Rohit",5,"Payment Failure","Chat","Open"
"TCK0701015","2025-07-01 07:26:00.000000000",\N,"Medium","Ananya",6,"Payment Failure","Web Form","Open"
"TCK0701017","2025-07-01 07:50:00.000000000","2025-07-02 03:20:00.000000000","Lw","Kavya",4,"Login Issue","Chat","Resolved"
"TCK0701018","2025-07-01 07:53:00.000000000","2025-07-02 12:07:00.000000000","Lw","Arjun",4,"Bug Report","Phone","Resolved"
"TCK0701020","2025-07-01 08:25:00.000000000","2025-07-01 11:41:00.000000000","Medium","Rohit",7,"Account Locked","Web Form","Resolved"
"TCK0701021","2025-07-01 08:53:00.000000000",\N,"Medium","Sneha",1,"Bug Report","Phone","Open"
"TCK0701022","2025-07-01 09:48:00.000000000","2025-07-02 04:21:00.000000000","Low","Kavya",8,"Login Issue","Phone","Resolved"
"TCK0701023","2025-07-01 09:58:00.000000000","2025-07-01 22:32:00.000000000","Medium","Arjun",1,"Bug Report","Web Form","Resolved"
"TCK0701025","2025-07-01 10:23:00.000000000","2025-07-02 11:25:00.000000000","High","Rohit",1,"Payment Failure","Chat","Resolved"
"TCK0701026","2025-07-01 10:25:00.000000000",\N,"Medium","Sneha",4,"Feature Request","Web Form","Open"
"TCK0701027","2025-07-01 10:28:00.000000000","2025-07-02 17:21:00.000000000","Medium","Rohit",2,"Feature Request","Phone","Resolved"
"TCK0701027","2025-07-01 10:28:00.000000000","2025-07-02 17:21:00.000000000","Medium","Rohit",2,"Feature Request","Phone","Resolved"
"TCK0701028","2025-07-01 11:09:00.000000000","2025-07-01 23:19:00.000000000","High","Arjun",5,"Payment Failure","Chat","Resolved"
"TCK0701028","2025-07-01 11:09:00.000000000","2025-07-01 23:19:00.000000000","High","Arjun",5,"Payment Failure","Chat","Resolved"
"TCK0701029","2025-07-01 11:10:00.000000000","2025-07-02 22:37:00.000000000","Lw","Ananya",7,"Bug Report","Chat","Resolved"
"TCK0702000","2025-07-02 00:01:00.000000000","2025-07-02 02:50:00.000000000","Low","Kavya",8,"Bug Report","Chat","Resolved"
"TCK0702001","2025-07-02 00:07:00.000000000","2025-07-02 07:50:00.000000000","Medium","Ananya",8,"Feature Request","Phone","Resolved"
"TCK0702002","2025-07-02 00:16:00.000000000",\N,"Medium","Arjun",1,"Login Issue","Web Form","Open"
"TCK0702003","2025-07-02 00:43:00.000000000",\N,"Medium","Ananya",2,"Bug Report","Chat","Open"
"TCK0702004","2025-07-02 01:36:00.000000000","2025-07-03 05:21:00.000000000","Low","Rohit",6,"Payment Failure","Phone","Resolved"
"TCK0702004","2025-07-02 01:36:00.000000000","2025-07-03 05:21:00.000000000","Low","Rohit",6,"Payment Failure","Phone","Resolved"
"TCK0702005","2025-07-02 01:53:00.000000000","2025-07-02 16:50:00.000000000","Medium","Kavya",3,"Account Locked","Email","Resolved"
"TCK0702006","2025-07-02 03:44:00.000000000","2025-07-02 08:57:00.000000000","High","Kavya",1,"Feature Request","Phone","Resolved"
"TCK0702007","2025-07-02 04:09:00.000000000","2025-07-03 00:06:00.000000000","Medium","Sneha",7,"Feature Request","Web Form","Resolved"
"TCK0702008","2025-07-02 04:29:00.000000000","2025-07-02 17:53:00.000000000","Medium","Kavya",7,"Login Issue","Email","Resolved"
"TCK0702008","2025-07-02 04:29:00.000000000","2025-07-02 17:53:00.000000000","Medium","Kavya",7,"Login Issue","Email","Resolved"
"TCK0702009","2025-07-02 05:16:00.000000000","2025-07-03 00:26:00.000000000","Medum","Rohit",6,"Login Issue","Web Form","Resolved"
"TCK0702011","2025-07-02 06:21:00.000000000","2025-07-02 12:59:00.000000000","Medium","Ananya",3,"Account Locked","Web Form","Resolved"
"TCK0702012","2025-07-02 06:37:00.000000000","2025-07-02 11:02:00.000000000","High","Kavya",7,"Account Locked","Phone","Resolved"
"TCK0702013","2025-07-02 07:07:00.000000000","2025-07-02 09:25:00.000000000","Low","Kavya",3,"Bug Report","Email","Resolved"
"TCK0702015","2025-07-02 07:50:00.000000000","2025-07-02 10:35:00.000000000","Medum","Arjun",4,"Login Issue","Phone","Resolved"
"TCK0702016","2025-07-02 07:56:00.000000000","2025-07-03 14:41:00.000000000","Low","Kavya",1,"Bug Report","Phone","Resolved"
"TCK0702017","2025-07-02 08:26:00.000000000",\N,"High","Rohit",7,"Payment Failure","Chat","Open"
"TCK0702018","2025-07-02 08:27:00.000000000","2025-07-03 16:52:00.000000000","Low","Arjun",8,"Payment Failure","Email","Resolved"
"TCK0702019","2025-07-02 08:44:00.000000000","2025-07-03 15:10:00.000000000","High","Ananya",1,"Feature Request","Web Form","Resolved"
"TCK0702020","2025-07-02 09:02:00.000000000","2025-07-03 01:22:00.000000000","Medum","Sneha",4,"Account Locked","Phone","Resolved"
"TCK0702022","2025-07-02 09:31:00.000000000","2025-07-03 17:09:00.000000000","Low","Arjun",7,"Feature Request","Chat","Resolved"
"TCK0702023","2025-07-02 09:33:00.000000000","2025-07-02 12:39:00.000000000","Medium","Kavya",4,"Feature Request","Phone","Resolved"
"TCK0702026","2025-07-02 10:52:00.000000000","2025-07-03 08:37:00.000000000","Low","Sneha",5,"Account Locked","Chat","Escalated"
"TCK0702027","2025-07-02 10:57:00.000000000","2025-07-03 01:13:00.000000000","Medium","Arjun",5,"Feature Request","Chat","Resolved"
"TCK0702028","2025-07-02 11:28:00.000000000","2025-07-03 15:04:00.000000000","Lw","Rohit",3,"Feature Request","Phone","Resolved"
"TCK0703000","2025-07-03 00:25:00.000000000","2025-07-03 01:58:00.000000000","Lw","Arjun",2,"Feature Request","Chat","Resolved"
"TCK0703002","2025-07-03 01:19:00.000000000","2025-07-03 12:26:00.000000000","Lw","Sneha",1,"Feature Request","Email","Resolved"
"TCK0703003","2025-07-03 03:00:00.000000000",\N,"Medum","Arjun",2,"Feature Request","Web Form","Open"
"TCK0703004","2025-07-03 03:14:00.000000000","2025-07-03 16:08:00.000000000","Medium","Sneha",6,"Login Issue","Chat","Resolved"
"TCK0703004","2025-07-03 03:14:00.000000000","2025-07-03 16:08:00.000000000","Medium","Sneha",6,"Login Issue","Chat","Resolved"
"TCK0703005","2025-07-03 03:57:00.000000000","2025-07-03 17:32:00.000000000","Medium","Arjun",1,"Account Locked","Email","Resolved"
"TCK0703006","2025-07-03 04:39:00.000000000","2025-07-04 07:43:00.000000000","High","Ananya",8,"Bug Report","Email","Resolved"
"TCK0703007","2025-07-03 05:50:00.000000000","2025-07-03 16:29:00.000000000","High","Sneha",2,"Payment Failure","Phone","Resolved"
"TCK0703008","2025-07-03 05:55:00.000000000","2025-07-03 22:53:00.000000000","Lw","Ananya",2,"Login Issue","Web Form","Resolved"
"TCK0703009","2025-07-03 06:19:00.000000000","2025-07-03 17:32:00.000000000","Medium","Ananya",1,"Payment Failure","Chat","Resolved"
"TCK0703010","2025-07-03 06:27:00.000000000","2025-07-03 16:03:00.000000000","Low","Rohit",5,"Feature Request","Web Form","Resolved"
"TCK0703011","2025-07-03 06:30:00.000000000","2025-07-03 11:11:00.000000000","Medium","Arjun",3,"Feature Request","Phone","Resolved"
"TCK0703013","2025-07-03 07:35:00.000000000","2025-07-04 06:49:00.000000000","Medium","Rohit",1,"Bug Report","Chat","Resolved"
"TCK0703014","2025-07-03 07:51:00.000000000","2025-07-04 14:57:00.000000000","Medium","Rohit",5,"Payment Failure","Chat","Resolved"
"TCK0703015","2025-07-03 08:05:00.000000000","2025-07-03 21:18:00.000000000","Medium","Kavya",7,"Login Issue","Phone","Resolved"
"TCK0703017","2025-07-03 10:26:00.000000000",\N,"Low","Kavya",6,"Bug Report","Phone","Open"
"TCK0703019","2025-07-03 11:05:00.000000000","2025-07-03 17:17:00.000000000","Medium","Rohit",1,"Bug Report","Web Form","Resolved"
"TCK0703020","2025-07-03 11:17:00.000000000","2025-07-04 02:26:00.000000000","Medium","Ananya",5,"Feature Request","Email","Resolved"
"TCK0703021","2025-07-03 11:28:00.000000000","2025-07-03 12:37:00.000000000","Medium","Arjun",1,"Bug Report","Phone","Resolved"
"TCK0703022","2025-07-03 11:38:00.000000000","2025-07-03 19:47:00.000000000","Medium","Kavya",4,"Account Locked","Web Form","Resolved"
"TCK0703023","2025-07-03 11:59:00.000000000","2025-07-04 15:23:00.000000000","Medum","Kavya",6,"Feature Request","Email","Resolved"
"TCK0704000","2025-07-04 00:15:00.000000000","2025-07-04 18:23:00.000000000","Medium","Kavya",3,"Bug Report","Chat","Resolved"
"TCK0704000","2025-07-04 00:15:00.000000000","2025-07-04 18:23:00.000000000","Medium","Kavya",3,"Bug Report","Chat","Resolved"
"TCK0704001","2025-07-04 00:27:00.000000000","2025-07-04 06:10:00.000000000","Medium","Ananya",8,"Bug Report","Email","Resolved"
"TCK0704002","2025-07-04 00:30:00.000000000","2025-07-04 07:29:00.000000000","Low","Kavya",1,"Login Issue","Email","Resolved"
"TCK0704003","2025-07-04 00:35:00.000000000","2025-07-04 06:59:00.000000000","Lw","Rohit",3,"Account Locked","Email","Resolved"
"TCK0704003","2025-07-04 00:35:00.000000000","2025-07-04 06:59:00.000000000","Lw","Rohit",3,"Account Locked","Email","Resolved"
"TCK0704005","2025-07-04 02:37:00.000000000",\N,"Low","Arjun",4,"Feature Request","Email","Open"
"TCK0704006","2025-07-04 02:39:00.000000000","2025-07-05 07:31:00.000000000","Lw","Sneha",8,"Payment Failure","Chat","Resolved"
"TCK0704007","2025-07-04 02:41:00.000000000","2025-07-05 12:39:00.000000000","Medium","Kavya",5,"Login Issue","Email","Resolved"
"TCK0704008","2025-07-04 04:16:00.000000000","2025-07-04 07:02:00.000000000","Medium","Ananya",7,"Payment Failure","Phone","Resolved"
"TCK0704009","2025-07-04 04:50:00.000000000","2025-07-04 09:10:00.000000000","Medium","Kavya",6,"Bug Report","Chat","Resolved"
"TCK0704010","2025-07-04 06:11:00.000000000","2025-07-05 11:18:00.000000000","Hgh","Sneha",7,"Feature Request","Chat","Resolved"
"TCK0704014","2025-07-04 07:05:00.000000000","2025-07-05 02:44:00.000000000","Medum","Sneha",6,"Login Issue","Email","Resolved"
"TCK0704015","2025-07-04 07:20:00.000000000","2025-07-04 13:52:00.000000000","High","Sneha",3,"Login Issue","Web Form","Resolved"
"TCK0704016","2025-07-04 07:24:00.000000000","2025-07-04 10:35:00.000000000","High","Kavya",4,"Account Locked","Email","Escalated"
"TCK0704017","2025-07-04 07:48:00.000000000","2025-07-04 13:48:00.000000000","High","Arjun",2,"Bug Report","Email","Resolved"
"TCK0704019","2025-07-04 08:40:00.000000000",\N,"Low","Sneha",7,"Account Locked","Chat","Open"
"TCK0704020","2025-07-04 09:08:00.000000000","2025-07-04 14:24:00.000000000","Low","Kavya",1,"Payment Failure","Chat","Escalated"
"TCK0704021","2025-07-04 09:18:00.000000000","2025-07-05 11:28:00.000000000","Hgh","Sneha",1,"Login Issue","Chat","Resolved"
"TCK0704022","2025-07-04 10:34:00.000000000","2025-07-04 12:19:00.000000000","High","Sneha",2,"Account Locked","Email","Resolved"
"TCK0704023","2025-07-04 10:49:00.000000000",\N,"Low","Arjun",7,"Feature Request","Phone","Open"
"TCK0704024","2025-07-04 11:33:00.000000000","2025-07-05 18:30:00.000000000","Medium","Rohit",8,"Payment Failure","Email","Resolved"
"TCK0705000","2025-07-05 01:01:00.000000000","2025-07-05 20:44:00.000000000","Medium","Ananya",6,"Bug Report","Chat","Resolved"
"TCK0705001","2025-07-05 01:31:00.000000000","2025-07-05 23:06:00.000000000","Low","Kavya",8,"Login Issue","Phone","Resolved"
"TCK0705002","2025-07-05 01:53:00.000000000","2025-07-05 17:10:00.000000000","Medum","Sneha",2,"Payment Failure","Chat","Resolved"
"TCK0705002","2025-07-05 01:53:00.000000000","2025-07-05 17:10:00.000000000","Medum","Sneha",2,"Payment Failure","Chat","Resolved"
"TCK0705003","2025-07-05 03:45:00.000000000","2025-07-06 09:57:00.000000000","Medium","Sneha",6,"Feature Request","Phone","Resolved"
"TCK0705004","2025-07-05 04:24:00.000000000",\N,"Medium","Arjun",2,"Account Locked","Email","Open"
"TCK0705005","2025-07-05 04:54:00.000000000","2025-07-06 08:36:00.000000000","High","Arjun",1,"Account Locked","Phone","Resolved"
"TCK0705007","2025-07-05 05:54:00.000000000","2025-07-05 07:31:00.000000000","Hgh","Rohit",4,"Payment Failure","Phone","Resolved"
"TCK0705010","2025-07-05 07:14:00.000000000","2025-07-05 15:01:00.000000000","Medium","Arjun",6,"Login Issue","Chat","Resolved"
"TCK0705011","2025-07-05 07:43:00.000000000","2025-07-06 06:07:00.000000000","Low","Kavya",6,"Feature Request","Email","Resolved"
"TCK0705012","2025-07-05 07:44:00.000000000","2025-07-06 01:53:00.000000000","Medium","Rohit",7,"Login Issue","Chat","Resolved"
"TCK0705013","2025-07-05 07:49:00.000000000",\N,"High","Ananya",6,"Bug Report","Web Form","Open"
"TCK0705014","2025-07-05 09:19:00.000000000","2025-07-05 21:20:00.000000000","Low","Ananya",6,"Payment Failure","Phone","Resolved"
"TCK0705015","2025-07-05 10:20:00.000000000",\N,"Low","Ananya",6,"Account Locked","Email","Open"
"TCK0705016","2025-07-05 10:22:00.000000000","2025-07-06 18:19:00.000000000","High","Arjun",4,"Feature Request","Phone","Resolved"
"TCK0705018","2025-07-05 11:12:00.000000000","2025-07-06 12:11:00.000000000","Hgh","Kavya",2,"Feature Request","Email","Resolved"
"TCK0705019","2025-07-05 11:52:00.000000000","2025-07-05 14:11:00.000000000","Medum","Arjun",5,"Payment Failure","Phone","Resolved"
"TCK0705019","2025-07-05 11:52:00.000000000","2025-07-05 14:11:00.000000000","Medum","Arjun",5,"Payment Failure","Phone","Resolved"
"TCK0706000","2025-07-06 00:42:00.000000000","2025-07-07 04:12:00.000000000","Low","Kavya",3,"Feature Request","Chat","Resolved"
"TCK0706002","2025-07-06 00:51:00.000000000","2025-07-07 11:27:00.000000000","Medium","Ananya",3,"Account Locked","Phone","Resolved"
"TCK0706003","2025-07-06 00:57:00.000000000",\N,"Medium","Arjun",1,"Login Issue","Web Form","Open"
"TCK0706004","2025-07-06 01:56:00.000000000",\N,"Medium","Rohit",5,"Account Locked","Phone","Open"
"TCK0706005","2025-07-06 02:26:00.000000000","2025-07-06 21:45:00.000000000","High","Kavya",4,"Account Locked","Email","Resolved"
"TCK0706006","2025-07-06 03:45:00.000000000","2025-07-07 07:33:00.000000000","Medum","Arjun",8,"Payment Failure","Web Form","Resolved"
"TCK0706007","2025-07-06 04:05:00.000000000",\N,"Hgh","Kavya",4,"Account Locked","Email","Open"
"TCK0706009","2025-07-06 05:06:00.000000000","2025-07-06 23:32:00.000000000","Medium","Ananya",2,"Account Locked","Phone","Resolved"
"TCK0706009","2025-07-06 05:06:00.000000000","2025-07-06 23:32:00.000000000","Medium","Ananya",2,"Account Locked","Phone","Resolved"
"TCK0706010","2025-07-06 05:44:00.000000000","2025-07-06 08:22:00.000000000","Medium","Rohit",1,"Account Locked","Email","Resolved"
"TCK0706011","2025-07-06 07:11:00.000000000","2025-07-06 15:21:00.000000000","Lw","Arjun",8,"Payment Failure","Email","Resolved"
"TCK0706014","2025-07-06 08:15:00.000000000","2025-07-07 14:53:00.000000000","Medum","Rohit",3,"Account Locked","Web Form","Resolved"
"TCK0706015","2025-07-06 08:29:00.000000000","2025-07-07 13:14:00.000000000","Medium","Ananya",2,"Feature Request","Email","Resolved"
"TCK0706016","2025-07-06 08:49:00.000000000","2025-07-07 12:46:00.000000000","Medium","Ananya",6,"Login Issue","Phone","Resolved"
"TCK0706017","2025-07-06 09:08:00.000000000",\N,"High","Kavya",6,"Account Locked","Email","Open"
"TCK0706018","2025-07-06 09:11:00.000000000","2025-07-06 14:20:00.000000000","Medium","Arjun",7,"Payment Failure","Chat","Resolved"
"TCK0706019","2025-07-06 09:21:00.000000000","2025-07-07 17:31:00.000000000","Medium","Sneha",5,"Account Locked","Web Form","Resolved"
"TCK0706020","2025-07-06 10:08:00.000000000","2025-07-07 00:49:00.000000000","Medium","Arjun",6,"Login Issue","Phone","Resolved"
"TCK0706020","2025-07-06 10:08:00.000000000","2025-07-07 00:49:00.000000000","Medium","Arjun",6,"Login Issue","Phone","Resolved"
"TCK0706021","2025-07-06 10:18:00.000000000","2025-07-07 13:20:00.000000000","Medium","Rohit",5,"Payment Failure","Email","Resolved"
"TCK0706022","2025-07-06 11:30:00.000000000","2025-07-07 18:58:00.000000000","Lw","Kavya",6,"Feature Request","Email","Resolved"
"TCK0707000","2025-07-07 01:18:00.000000000","2025-07-08 07:16:00.000000000","Medum","Rohit",4,"Login Issue","Phone","Resolved"
"TCK0707002","2025-07-07 01:51:00.000000000","2025-07-07 19:43:00.000000000","Lw","Sneha",8,"Payment Failure","Email","Resolved"
"TCK0707003","2025-07-07 02:40:00.000000000","2025-07-08 08:31:00.000000000","High","Sneha",6,"Account Locked","Web Form","Resolved"
"TCK0707004","2025-07-07 03:12:00.000000000","2025-07-07 20:55:00.000000000","High","Sneha",1,"Account Locked","Chat","Resolved"
"TCK0707005","2025-07-07 03:30:00.000000000","2025-07-08 05:48:00.000000000","High","Arjun",2,"Payment Failure","Phone","Resolved"
"TCK0707006","2025-07-07 03:31:00.000000000","2025-07-07 06:46:00.000000000","Medium","Sneha",1,"Feature Request","Phone","Resolved"
"TCK0707007","2025-07-07 03:47:00.000000000","2025-07-08 08:47:00.000000000","Low","Sneha",7,"Account Locked","Phone","Resolved"
"TCK0707009","2025-07-07 04:21:00.000000000","2025-07-07 23:36:00.000000000","Medum","Rohit",5,"Login Issue","Email","Resolved"
"TCK0707010","2025-07-07 04:58:00.000000000","2025-07-08 01:59:00.000000000","High","Sneha",2,"Feature Request","Chat","Escalated"
"TCK0707011","2025-07-07 05:13:00.000000000",\N,"Medium","Arjun",4,"Bug Report","Web Form","Open"
"TCK0707012","2025-07-07 05:36:00.000000000","2025-07-07 16:47:00.000000000","Lw","Kavya",5,"Payment Failure","Web Form","Resolved"
"TCK0707013","2025-07-07 05:58:00.000000000","2025-07-08 10:48:00.000000000","Medium","Kavya",6,"Bug Report","Web Form","Resolved"
"TCK0707014","2025-07-07 07:13:00.000000000","2025-07-08 16:40:00.000000000","Medum","Ananya",5,"Payment Failure","Web Form","Escalated"
"TCK0707016","2025-07-07 08:20:00.000000000","2025-07-07 10:21:00.000000000","High","Kavya",7,"Bug Report","Web Form","Resolved"
"TCK0707017","2025-07-07 10:07:00.000000000","2025-07-07 18:58:00.000000000","Medium","Rohit",5,"Bug Report","Chat","Resolved"
"TCK0707019","2025-07-07 10:32:00.000000000","2025-07-07 22:14:00.000000000","Medium","Ananya",2,"Payment Failure","Email","Resolved"
"TCK0707020","2025-07-07 10:41:00.000000000",\N,"Medium","Ananya",8,"Account Locked","Phone","Open"
"TCK0707021","2025-07-07 10:57:00.000000000","2025-07-08 03:57:00.000000000","Medium","Arjun",8,"Payment Failure","Chat","Resolved"
"TCK0708000","2025-07-08 00:02:00.000000000","2025-07-09 02:30:00.000000000","Low","Rohit",4,"Account Locked","Web Form","Resolved"
"TCK0708001","2025-07-08 00:41:00.000000000","2025-07-08 17:24:00.000000000","High","Kavya",8,"Account Locked","Web Form","Resolved"
"TCK0708002","2025-07-08 01:13:00.000000000","2025-07-08 10:59:00.000000000","Medium","Rohit",8,"Account Locked","Email","Resolved"
"TCK0708003","2025-07-08 01:41:00.000000000",\N,"Medium","Arjun",5,"Payment Failure","Web Form","Open"
"TCK0708004","2025-07-08 02:05:00.000000000","2025-07-08 22:01:00.000000000","Lw","Ananya",5,"Bug Report","Chat","Resolved"
"TCK0708005","2025-07-08 02:54:00.000000000","2025-07-08 15:50:00.000000000","Low","Sneha",4,"Payment Failure","Web Form","Resolved"
"TCK0708006","2025-07-08 03:20:00.000000000",\N,"Medium","Sneha",4,"Account Locked","Phone","Open"
"TCK0708007","2025-07-08 03:24:00.000000000","2025-07-08 12:47:00.000000000","Medum","Rohit",4,"Feature Request","Phone","Resolved"
"TCK0708009","2025-07-08 03:42:00.000000000","2025-07-09 08:02:00.000000000","Lw","Arjun",2,"Payment Failure","Email","Resolved"
"TCK0708012","2025-07-08 04:15:00.000000000","2025-07-09 01:39:00.000000000","Medum","Arjun",5,"Account Locked","Chat","Resolved"
"TCK0708013","2025-07-08 04:25:00.000000000","2025-07-09 14:23:00.000000000","Medium","Arjun",1,"Feature Request","Chat","Resolved"
"TCK0708014","2025-07-08 04:40:00.000000000","2025-07-09 02:59:00.000000000","High","Arjun",7,"Account Locked","Email","Resolved"
"TCK0708015","2025-07-08 05:22:00.000000000","2025-07-09 15:57:00.000000000","Medium","Arjun",2,"Bug Report","Chat","Resolved"
"TCK0708017","2025-07-08 06:12:00.000000000","2025-07-08 16:45:00.000000000","Medium","Sneha",8,"Login Issue","Web Form","Resolved"
"TCK0708018","2025-07-08 06:12:00.000000000","2025-07-08 16:58:00.000000000","Hgh","Sneha",6,"Account Locked","Chat","Resolved"
"TCK0708019","2025-07-08 07:05:00.000000000","2025-07-09 10:33:00.000000000","Medium","Sneha",5,"Feature Request","Phone","Resolved"
"TCK0708020","2025-07-08 07:26:00.000000000","2025-07-08 12:57:00.000000000","Medium","Ananya",6,"Login Issue","Email","Resolved"
"TCK0708020","2025-07-08 07:26:00.000000000","2025-07-08 12:57:00.000000000","Medium","Ananya",6,"Login Issue","Email","Resolved"
"TCK0708021","2025-07-08 07:57:00.000000000","2025-07-09 10:29:00.000000000","High","Ananya",4,"Payment Failure","Email","Resolved"
"TCK0708022","2025-07-08 08:15:00.000000000","2025-07-09 12:56:00.000000000","Medium","Rohit",2,"Bug Report","Email","Resolved"
"TCK0708023","2025-07-08 10:11:00.000000000",\N,"Medium","Rohit",3,"Bug Report","Chat","Open"
"TCK0708024","2025-07-08 10:42:00.000000000","2025-07-08 16:12:00.000000000","Medium","Arjun",4,"Login Issue","Chat","Resolved"
"TCK0708025","2025-07-08 11:07:00.000000000","2025-07-09 01:36:00.000000000","High","Sneha",6,"Payment Failure","Web Form","Resolved"
"TCK0708027","2025-07-08 11:54:00.000000000","2025-07-08 22:16:00.000000000","Lw","Rohit",8,"Payment Failure","Chat","Resolved"
"TCK0708027","2025-07-08 11:54:00.000000000","2025-07-08 22:16:00.000000000","Lw","Rohit",8,"Payment Failure","Chat","Resolved"
"TCK0708028","2025-07-08 11:56:00.000000000","2025-07-08 18:22:00.000000000","High","Arjun",3,"Login Issue","Phone","Resolved"
"TCK0709000","2025-07-09 00:20:00.000000000","2025-07-09 16:30:00.000000000","Low","Arjun",1,"Account Locked","Phone","Resolved"
"TCK0709000","2025-07-09 00:20:00.000000000","2025-07-09 16:30:00.000000000","Low","Arjun",1,"Account Locked","Phone","Resolved"
"TCK0709001","2025-07-09 00:22:00.000000000","2025-07-09 22:49:00.000000000","Lw","Rohit",6,"Bug Report","Phone","Resolved"
"TCK0709002","2025-07-09 00:35:00.000000000","2025-07-09 10:39:00.000000000","High","Kavya",4,"Feature Request","Email","Resolved"
"TCK0709003","2025-07-09 00:59:00.000000000",\N,"Medium","Kavya",7,"Bug Report","Phone","Open"
"TCK0709006","2025-07-09 02:52:00.000000000","2025-07-09 04:12:00.000000000","Low","Rohit",5,"Login Issue","Web Form","Resolved"
"TCK0709008","2025-07-09 03:10:00.000000000","2025-07-09 05:53:00.000000000","High","Sneha",1,"Feature Request","Phone","Resolved"
"TCK0709009","2025-07-09 03:20:00.000000000","2025-07-10 07:59:00.000000000","Low","Rohit",3,"Account Locked","Web Form","Resolved"
"TCK0709010","2025-07-09 03:55:00.000000000","2025-07-09 13:56:00.000000000","Hgh","Rohit",2,"Bug Report","Email","Resolved"
"TCK0709011","2025-07-09 04:51:00.000000000",\N,"Low","Kavya",5,"Login Issue","Email","Open"
"TCK0709012","2025-07-09 05:33:00.000000000","2025-07-10 07:32:00.000000000","Medium","Sneha",2,"Payment Failure","Web Form","Resolved"
"TCK0709013","2025-07-09 05:40:00.000000000",\N,"Medium","Sneha",6,"Account Locked","Email","Open"
"TCK0709014","2025-07-09 05:45:00.000000000","2025-07-09 07:47:00.000000000","High","Sneha",3,"Login Issue","Email","Resolved"
"TCK0709015","2025-07-09 06:00:00.000000000","2025-07-10 15:51:00.000000000","Medium","Rohit",5,"Payment Failure","Web Form","Resolved"
"TCK0709016","2025-07-09 06:09:00.000000000",\N,"Medum","Rohit",1,"Bug Report","Email","Open"
"TCK0709017","2025-07-09 06:20:00.000000000","2025-07-09 12:16:00.000000000","Medum","Sneha",7,"Account Locked","Chat","Resolved"
"TCK0709018","2025-07-09 06:32:00.000000000","2025-07-09 18:46:00.000000000","Medum","Rohit",1,"Login Issue","Chat","Resolved"
"TCK0709019","2025-07-09 07:26:00.000000000",\N,"High","Ananya",8,"Account Locked","Chat","Open"
"TCK0709020","2025-07-09 07:36:00.000000000","2025-07-10 06:29:00.000000000","Medium","Arjun",1,"Login Issue","Phone","Resolved"
"TCK0709021","2025-07-09 08:37:00.000000000","2025-07-09 21:09:00.000000000","Medum","Rohit",1,"Feature Request","Phone","Resolved"
"TCK0709022","2025-07-09 09:00:00.000000000","2025-07-10 05:34:00.000000000","Medium","Ananya",8,"Feature Request","Email","Resolved"
"TCK0709024","2025-07-09 09:40:00.000000000",\N,"Medum","Sneha",1,"Bug Report","Chat","Open"
"TCK0709026","2025-07-09 10:52:00.000000000",\N,"Low","Sneha",8,"Bug Report","Chat","Open"
"TCK0709027","2025-07-09 11:27:00.000000000","2025-07-10 07:50:00.000000000","Low","Rohit",6,"Bug Report","Chat","Escalated"
"TCK0709028","2025-07-09 11:41:00.000000000","2025-07-10 19:39:00.000000000","Medium","Kavya",3,"Bug Report","Phone","Escalated"
"TCK0710000","2025-07-10 00:04:00.000000000","2025-07-10 02:00:00.000000000","Medium","Arjun",8,"Bug Report","Chat","Resolved"
"TCK0710001","2025-07-10 01:14:00.000000000","2025-07-11 08:40:00.000000000","Medium","Arjun",5,"Payment Failure","Web Form","Escalated"
"TCK0710003","2025-07-10 02:24:00.000000000","2025-07-10 23:53:00.000000000","Low","Kavya",6,"Payment Failure","Email","Resolved"
"TCK0710005","2025-07-10 02:30:00.000000000","2025-07-10 23:34:00.000000000","Hgh","Kavya",2,"Payment Failure","Email","Resolved"
"TCK0710007","2025-07-10 03:00:00.000000000","2025-07-10 12:08:00.000000000","Medum","Arjun",5,"Account Locked","Phone","Resolved"
"TCK0710008","2025-07-10 03:14:00.000000000","2025-07-10 11:29:00.000000000","Medium","Kavya",7,"Login Issue","Email","Resolved"
"TCK0710009","2025-07-10 03:24:00.000000000","2025-07-10 15:52:00.000000000","Low","Kavya",6,"Bug Report","Email","Resolved"
"TCK0710010","2025-07-10 03:51:00.000000000",\N,"Medium","Kavya",4,"Bug Report","Email","Open"
"TCK0710011","2025-07-10 04:54:00.000000000","2025-07-10 23:04:00.000000000","Medium","Ananya",5,"Bug Report","Web Form","Resolved"
"TCK0710012","2025-07-10 06:58:00.000000000","2025-07-11 14:58:00.000000000","High","Kavya",4,"Account Locked","Email","Resolved"
"TCK0710014","2025-07-10 08:34:00.000000000","2025-07-11 04:27:00.000000000","Hgh","Arjun",1,"Payment Failure","Chat","Resolved"
"TCK0710014","2025-07-10 08:34:00.000000000","2025-07-11 04:27:00.000000000","Hgh","Arjun",1,"Payment Failure","Chat","Resolved"
"TCK0710015","2025-07-10 09:03:00.000000000","2025-07-10 22:53:00.000000000","Medium","Sneha",8,"Bug Report","Email","Resolved"
"TCK0710016","2025-07-10 09:49:00.000000000","2025-07-10 18:11:00.000000000","Low","Sneha",3,"Payment Failure","Email","Resolved"
"TCK0710017","2025-07-10 10:05:00.000000000","2025-07-11 03:03:00.000000000","Medium","Arjun",5,"Payment Failure","Email","Resolved"
"TCK0710018","2025-07-10 10:08:00.000000000","2025-07-11 11:24:00.000000000","Medium","Sneha",5,"Bug Report","Phone","Resolved"
"TCK0710019","2025-07-10 11:20:00.000000000","2025-07-10 19:22:00.000000000","Hgh","Kavya",8,"Login Issue","Email","Resolved"
"TCK0710020","2025-07-10 11:37:00.000000000",\N,"Low","Kavya",6,"Payment Failure","Email","Open"
"TCK0710020","2025-07-10 11:37:00.000000000",\N,"Low","Kavya",6,"Payment Failure","Email","Open"
"TCK0711001","2025-07-11 00:50:00.000000000","2025-07-11 05:15:00.000000000","Low","Ananya",1,"Feature Request","Phone","Resolved"
"TCK0711003","2025-07-11 01:17:00.000000000","2025-07-11 22:43:00.000000000","Low","Rohit",2,"Account Locked","Email","Resolved"
"TCK0711004","2025-07-11 01:24:00.000000000","2025-07-12 08:53:00.000000000","Medium","Ananya",4,"Feature Request","Email","Resolved"
"TCK0711004","2025-07-11 01:24:00.000000000","2025-07-12 08:53:00.000000000","Medium","Ananya",4,"Feature Request","Email","Resolved"
"TCK0711005","2025-07-11 03:16:00.000000000","2025-07-11 07:34:00.000000000","Medum","Sneha",5,"Feature Request","Email","Resolved"
"TCK0711006","2025-07-11 04:06:00.000000000","2025-07-11 19:15:00.000000000","Low","Kavya",7,"Bug Report","Web Form","Resolved"
"TCK0711007","2025-07-11 04:26:00.000000000","2025-07-12 07:26:00.000000000","Low","Kavya",5,"Bug Report","Email","Resolved"
"TCK0711008","2025-07-11 04:44:00.000000000","2025-07-11 08:01:00.000000000","Low","Ananya",4,"Account Locked","Phone","Resolved"
"TCK0711009","2025-07-11 05:24:00.000000000","2025-07-11 21:57:00.000000000","Medum","Rohit",8,"Payment Failure","Phone","Escalated"
"TCK0711012","2025-07-11 05:51:00.000000000","2025-07-12 10:45:00.000000000","Low","Sneha",6,"Bug Report","Web Form","Resolved"
"TCK0711012","2025-07-11 05:51:00.000000000","2025-07-12 10:45:00.000000000","Low","Sneha",6,"Bug Report","Web Form","Resolved"
"TCK0711013","2025-07-11 07:51:00.000000000","2025-07-11 12:01:00.000000000","High","Rohit",2,"Payment Failure","Chat","Resolved"
"TCK0711014","2025-07-11 08:19:00.000000000","2025-07-11 13:06:00.000000000","High","Ananya",4,"Account Locked","Email","Resolved"
"TCK0711015","2025-07-11 09:07:00.000000000",\N,"Medum","Sneha",8,"Bug Report","Email","Open"
"TCK0711016","2025-07-11 09:25:00.000000000","2025-07-11 10:59:00.000000000","Medum","Rohit",7,"Login Issue","Web Form","Resolved"
"TCK0711017","2025-07-11 09:26:00.000000000",\N,"Low","Ananya",5,"Bug Report","Phone","Open"
"TCK0711018","2025-07-11 09:44:00.000000000",\N,"Medium","Rohit",6,"Bug Report","Phone","Open"
"TCK0711019","2025-07-11 09:52:00.000000000","2025-07-11 23:30:00.000000000","Low","Sneha",1,"Bug Report","Web Form","Resolved"
"TCK0711020","2025-07-11 10:08:00.000000000","2025-07-11 22:49:00.000000000","Medium","Kavya",2,"Account Locked","Phone","Resolved"
"TCK0712000","2025-07-12 00:37:00.000000000","2025-07-12 10:10:00.000000000","Low","Sneha",8,"Bug Report","Phone","Resolved"
"TCK0712002","2025-07-12 00:59:00.000000000","2025-07-13 05:13:00.000000000","Hgh","Ananya",8,"Bug Report","Phone","Resolved"
"TCK0712003","2025-07-12 01:11:00.000000000","2025-07-12 02:52:00.000000000","Medum","Ananya",4,"Bug Report","Web Form","Resolved"
"TCK0712004","2025-07-12 01:34:00.000000000","2025-07-12 13:34:00.000000000","Medium","Ananya",7,"Feature Request","Web Form","Resolved"
"TCK0712006","2025-07-12 01:45:00.000000000","2025-07-12 02:18:00.000000000","High","Rohit",7,"Account Locked","Web Form","Resolved"
"TCK0712008","2025-07-12 02:01:00.000000000","2025-07-13 01:16:00.000000000","Lw","Sneha",2,"Login Issue","Phone","Resolved"
"TCK0712009","2025-07-12 02:10:00.000000000","2025-07-13 04:18:00.000000000","High","Ananya",5,"Feature Request","Web Form","Resolved"
"TCK0712010","2025-07-12 03:00:00.000000000","2025-07-13 03:46:00.000000000","Medium","Sneha",8,"Login Issue","Chat","Resolved"
"TCK0712012","2025-07-12 04:54:00.000000000","2025-07-13 15:51:00.000000000","Low","Kavya",2,"Payment Failure","Phone","Resolved"
"TCK0712013","2025-07-12 05:20:00.000000000","2025-07-12 20:42:00.000000000","Medum","Arjun",7,"Bug Report","Email","Resolved"
"TCK0712014","2025-07-12 05:24:00.000000000",\N,"Medum","Arjun",3,"Payment Failure","Phone","Open"
"TCK0712015","2025-07-12 05:51:00.000000000","2025-07-12 16:01:00.000000000","High","Arjun",1,"Account Locked","Web Form","Resolved"
"TCK0712016","2025-07-12 06:07:00.000000000","2025-07-13 06:20:00.000000000","Medium","Sneha",2,"Bug Report","Email","Resolved"
"TCK0712017","2025-07-12 06:16:00.000000000","2025-07-13 07:11:00.000000000","Low","Ananya",5,"Login Issue","Chat","Resolved"
"TCK0712018","2025-07-12 06:22:00.000000000",\N,"Medium","Kavya",4,"Feature Request","Web Form","Open"
"TCK0712019","2025-07-12 06:51:00.000000000","2025-07-13 06:56:00.000000000","Low","Ananya",1,"Account Locked","Web Form","Resolved"
"TCK0712020","2025-07-12 08:16:00.000000000","2025-07-13 18:48:00.000000000","Low","Rohit",8,"Account Locked","Chat","Resolved"
"TCK0712021","2025-07-12 09:16:00.000000000","2025-07-13 09:40:00.000000000","High","Kavya",3,"Account Locked","Email","Resolved"
"TCK0712022","2025-07-12 09:30:00.000000000","2025-07-12 21:11:00.000000000","Medium","Ananya",7,"Login Issue","Email","Resolved"
"TCK0712023","2025-07-12 09:50:00.000000000","2025-07-13 01:45:00.000000000","Medum","Ananya",5,"Login Issue","Web Form","Resolved"
"TCK0712025","2025-07-12 10:26:00.000000000","2025-07-13 21:17:00.000000000","Low","Kavya",6,"Feature Request","Email","Resolved"
"TCK0712026","2025-07-12 10:51:00.000000000","2025-07-13 06:45:00.000000000","High","Rohit",6,"Payment Failure","Chat","Resolved"
"TCK0712028","2025-07-12 11:33:00.000000000","2025-07-12 23:08:00.000000000","Medium","Arjun",4,"Payment Failure","Email","Resolved"
"TCK0712028","2025-07-12 11:33:00.000000000","2025-07-12 23:08:00.000000000","Medium","Arjun",4,"Payment Failure","Email","Resolved"
"TCK0712029","2025-07-12 11:57:00.000000000","2025-07-13 12:18:00.000000000","High","Sneha",4,"Feature Request","Email","Resolved"
"TCK0713000","2025-07-13 00:06:00.000000000","2025-07-13 21:58:00.000000000","Low","Sneha",3,"Payment Failure","Web Form","Resolved"
"TCK0713001","2025-07-13 00:23:00.000000000","2025-07-14 11:42:00.000000000","Medium","Ananya",5,"Feature Request","Chat","Resolved"
"TCK0713002","2025-07-13 00:23:00.000000000","2025-07-13 03:38:00.000000000","Medium","Kavya",7,"Login Issue","Web Form","Resolved"
"TCK0713002","2025-07-13 00:23:00.000000000","2025-07-13 03:38:00.000000000","Medium","Kavya",7,"Login Issue","Web Form","Resolved"
"TCK0713004","2025-07-13 01:09:00.000000000","2025-07-13 14:07:00.000000000","High","Rohit",4,"Feature Request","Web Form","Resolved"
"TCK0713007","2025-07-13 02:41:00.000000000",\N,"Low","Kavya",7,"Feature Request","Web Form","Open"
"TCK0713008","2025-07-13 04:56:00.000000000","2025-07-14 04:11:00.000000000","Medium","Sneha",5,"Payment Failure","Email","Resolved"
"TCK0713009","2025-07-13 05:00:00.000000000","2025-07-14 15:10:00.000000000","Medium","Arjun",2,"Account Locked","Chat","Resolved"
"TCK0713010","2025-07-13 05:09:00.000000000","2025-07-14 15:42:00.000000000","Medium","Ananya",6,"Payment Failure","Chat","Resolved"
"TCK0713011","2025-07-13 05:37:00.000000000","2025-07-14 16:07:00.000000000","Medum","Rohit",5,"Account Locked","Web Form","Resolved"
"TCK0713012","2025-07-13 05:47:00.000000000","2025-07-14 12:48:00.000000000","Lw","Rohit",7,"Feature Request","Web Form","Resolved"
"TCK0713013","2025-07-13 06:02:00.000000000",\N,"Medum","Sneha",3,"Account Locked","Web Form","Open"
"TCK0713014","2025-07-13 07:09:00.000000000","2025-07-14 11:19:00.000000000","Medum","Sneha",7,"Payment Failure","Web Form","Resolved"
"TCK0713015","2025-07-13 07:41:00.000000000","2025-07-14 12:00:00.000000000","High","Sneha",7,"Feature Request","Chat","Resolved"
"TCK0713015","2025-07-13 07:41:00.000000000","2025-07-14 12:00:00.000000000","High","Sneha",7,"Feature Request","Chat","Resolved"
"TCK0713016","2025-07-13 08:08:00.000000000","2025-07-13 13:50:00.000000000","Medium","Rohit",6,"Feature Request","Email","Resolved"
"TCK0713019","2025-07-13 09:21:00.000000000","2025-07-14 12:48:00.000000000","Medium","Rohit",3,"Account Locked","Web Form","Resolved"
"TCK0713020","2025-07-13 09:45:00.000000000","2025-07-14 08:33:00.000000000","Medium","Kavya",2,"Account Locked","Chat","Resolved"
"TCK0713021","2025-07-13 09:56:00.000000000",\N,"High","Rohit",3,"Bug Report","Web Form","Open"
"TCK0713022","2025-07-13 10:05:00.000000000",\N,"High","Rohit",2,"Login Issue","Email","Open"
"TCK0713023","2025-07-13 10:11:00.000000000","2025-07-14 20:46:00.000000000","Medium","Ananya",3,"Payment Failure","Phone","Resolved"
"TCK0713024","2025-07-13 10:14:00.000000000","2025-07-14 16:18:00.000000000","High","Kavya",5,"Feature Request","Email","Resolved"
"TCK0713025","2025-07-13 10:30:00.000000000","2025-07-14 00:50:00.000000000","Medium","Sneha",8,"Account Locked","Phone","Resolved"
"TCK0714000","2025-07-14 00:59:00.000000000","2025-07-14 20:47:00.000000000","Medium","Rohit",7,"Bug Report","Email","Resolved"
"TCK0714001","2025-07-14 01:07:00.000000000","2025-07-15 04:49:00.000000000","Medum","Kavya",6,"Bug Report","Web Form","Resolved"
"TCK0714002","2025-07-14 01:46:00.000000000",\N,"Low","Sneha",5,"Feature Request","Phone","Open"
"TCK0714003","2025-07-14 02:01:00.000000000","2025-07-14 03:05:00.000000000","Medium","Arjun",5,"Account Locked","Chat","Resolved"
"TCK0714004","2025-07-14 02:14:00.000000000",\N,"Medium","Kavya",3,"Account Locked","Email","Open"
"TCK0714004","2025-07-14 02:14:00.000000000",\N,"Medium","Kavya",3,"Account Locked","Email","Open"
"TCK0714005","2025-07-14 02:29:00.000000000","2025-07-14 22:09:00.000000000","Medum","Rohit",8,"Feature Request","Chat","Resolved"
"TCK0714006","2025-07-14 03:57:00.000000000","2025-07-14 23:21:00.000000000","Medium","Ananya",4,"Account Locked","Email","Resolved"
"TCK0714007","2025-07-14 04:10:00.000000000","2025-07-14 23:51:00.000000000","Medium","Arjun",4,"Feature Request","Phone","Resolved"
"TCK0714008","2025-07-14 04:35:00.000000000",\N,"Low","Ananya",3,"Account Locked","Email","Open"
"TCK0714009","2025-07-14 05:46:00.000000000","2025-07-14 12:43:00.000000000","Low","Kavya",6,"Feature Request","Phone","Resolved"
"TCK0714012","2025-07-14 07:02:00.000000000","2025-07-15 00:08:00.000000000","Low","Kavya",7,"Login Issue","Email","Resolved"
"TCK0714013","2025-07-14 07:07:00.000000000","2025-07-14 22:32:00.000000000","High","Arjun",7,"Account Locked","Web Form","Resolved"
"TCK0714014","2025-07-14 07:15:00.000000000",\N,"Low","Rohit",8,"Login Issue","Web Form","Open"
"TCK0714015","2025-07-14 07:47:00.000000000","2025-07-14 23:57:00.000000000","Low","Arjun",4,"Account Locked","Chat","Resolved"
"TCK0714017","2025-07-14 08:25:00.000000000","2025-07-14 12:22:00.000000000","Medium","Rohit",2,"Login Issue","Email","Escalated"
"TCK0714017","2025-07-14 08:25:00.000000000","2025-07-14 12:22:00.000000000","Medium","Rohit",2,"Login Issue","Email","Escalated"
"TCK0714018","2025-07-14 08:35:00.000000000","2025-07-14 20:51:00.000000000","High","Arjun",7,"Payment Failure","Chat","Resolved"
"TCK0714020","2025-07-14 09:16:00.000000000","2025-07-14 11:51:00.000000000","Medum","Kavya",5,"Payment Failure","Chat","Resolved"
"TCK0714022","2025-07-14 11:17:00.000000000","2025-07-15 11:19:00.000000000","Medum","Rohit",5,"Payment Failure","Web Form","Resolved"
"TCK0714023","2025-07-14 11:26:00.000000000","2025-07-15 05:04:00.000000000","Medum","Rohit",1,"Login Issue","Chat","Resolved"
"TCK0714024","2025-07-14 11:27:00.000000000","2025-07-15 02:47:00.000000000","Medium","Rohit",8,"Feature Request","Email","Resolved"
"TCK0714025","2025-07-14 11:53:00.000000000","2025-07-15 03:57:00.000000000","Low","Arjun",3,"Payment Failure","Email","Resolved"
"TCK0715000","2025-07-15 00:41:00.000000000","2025-07-15 09:52:00.000000000","Medum","Arjun",4,"Bug Report","Email","Resolved"
"TCK0715002","2025-07-15 01:38:00.000000000","2025-07-15 11:47:00.000000000","Medium","Ananya",8,"Account Locked","Email","Resolved"
"TCK0715003","2025-07-15 01:55:00.000000000","2025-07-15 22:17:00.000000000","Medium","Rohit",6,"Bug Report","Web Form","Resolved"
"TCK0715005","2025-07-15 02:23:00.000000000","2025-07-16 11:04:00.000000000","Medium","Ananya",1,"Feature Request","Phone","Resolved"
"TCK0715006","2025-07-15 02:48:00.000000000","2025-07-16 01:10:00.000000000","High","Sneha",1,"Bug Report","Chat","Resolved"
"TCK0715007","2025-07-15 02:57:00.000000000","2025-07-15 14:31:00.000000000","Medium","Rohit",2,"Payment Failure","Web Form","Resolved"
"TCK0715008","2025-07-15 03:20:00.000000000",\N,"Medium","Ananya",4,"Account Locked","Chat","Open"
"TCK0715008","2025-07-15 03:20:00.000000000",\N,"Medium","Ananya",4,"Account Locked","Chat","Open"
"TCK0715009","2025-07-15 03:24:00.000000000","2025-07-16 00:05:00.000000000","Medium","Ananya",8,"Login Issue","Web Form","Resolved"
"TCK0715009","2025-07-15 03:24:00.000000000","2025-07-16 00:05:00.000000000","Medium","Ananya",8,"Login Issue","Web Form","Resolved"
"TCK0715010","2025-07-15 03:25:00.000000000","2025-07-15 06:35:00.000000000","Medum","Sneha",4,"Account Locked","Chat","Resolved"
"TCK0715012","2025-07-15 03:44:00.000000000","2025-07-16 07:08:00.000000000","Medium","Kavya",7,"Feature Request","Chat","Resolved"
"TCK0715014","2025-07-15 04:12:00.000000000","2025-07-15 07:30:00.000000000","Medum","Arjun",7,"Login Issue","Chat","Resolved"
"TCK0715015","2025-07-15 04:12:00.000000000",\N,"Medum","Kavya",5,"Account Locked","Chat","Open"
"TCK0715016","2025-07-15 04:13:00.000000000","2025-07-16 14:51:00.000000000","Medium","Arjun",6,"Feature Request","Chat","Resolved"
"TCK0715017","2025-07-15 04:17:00.000000000","2025-07-16 15:47:00.000000000","Low","Ananya",5,"Login Issue","Chat","Resolved"
"TCK0715018","2025-07-15 04:42:00.000000000",\N,"Lw","Kavya",5,"Feature Request","Email","Open"
"TCK0715019","2025-07-15 05:50:00.000000000","2025-07-16 08:06:00.000000000","Medium","Arjun",5,"Bug Report","Web Form","Resolved"
"TCK0715020","2025-07-15 06:02:00.000000000",\N,"Medium","Rohit",3,"Bug Report","Chat","Open"
"TCK0715021","2025-07-15 07:23:00.000000000","2025-07-15 12:41:00.000000000","Medium","Ananya",8,"Payment Failure","Web Form","Resolved"
"TCK0715022","2025-07-15 09:06:00.000000000","2025-07-16 20:33:00.000000000","Medium","Kavya",2,"Feature Request","Phone","Escalated"
"TCK0715023","2025-07-15 09:21:00.000000000",\N,"Low","Ananya",1,"Payment Failure","Email","Open"
"TCK0715025","2025-07-15 10:34:00.000000000","2025-07-16 20:40:00.000000000","Medium","Ananya",3,"Bug Report","Email","Resolved"
"TCK0716000","2025-07-16 00:06:00.000000000","2025-07-16 04:38:00.000000000","Medium","Sneha",1,"Feature Request","Web Form","Resolved"
"TCK0716002","2025-07-16 01:18:00.000000000","2025-07-17 08:08:00.000000000","Medium","Arjun",5,"Bug Report","Chat","Resolved"
"TCK0716004","2025-07-16 02:17:00.000000000","2025-07-17 04:47:00.000000000","Low","Ananya",8,"Account Locked","Web Form","Resolved"
"TCK0716005","2025-07-16 02:22:00.000000000","2025-07-16 18:12:00.000000000","Medum","Rohit",1,"Bug Report","Email","Resolved"
"TCK0716006","2025-07-16 03:34:00.000000000","2025-07-17 03:34:00.000000000","High","Kavya",2,"Payment Failure","Chat","Resolved"
"TCK0716007","2025-07-16 03:44:00.000000000","2025-07-16 20:51:00.000000000","High","Arjun",6,"Payment Failure","Chat","Resolved"
"TCK0716008","2025-07-16 04:34:00.000000000","2025-07-17 10:25:00.000000000","Lw","Rohit",8,"Payment Failure","Chat","Resolved"
"TCK0716009","2025-07-16 05:58:00.000000000","2025-07-16 14:43:00.000000000","Medium","Rohit",4,"Account Locked","Web Form","Resolved"
"TCK0716010","2025-07-16 06:19:00.000000000",\N,"Medum","Ananya",8,"Bug Report","Chat","Open"
"TCK0716011","2025-07-16 06:39:00.000000000","2025-07-16 08:54:00.000000000","Hgh","Ananya",4,"Login Issue","Email","Resolved"
"TCK0716011","2025-07-16 06:39:00.000000000","2025-07-16 08:54:00.000000000","Hgh","Ananya",4,"Login Issue","Email","Resolved"
"TCK0716012","2025-07-16 07:00:00.000000000","2025-07-16 22:01:00.000000000","Medium","Rohit",8,"Login Issue","Phone","Resolved"
"TCK0716013","2025-07-16 07:04:00.000000000","2025-07-17 10:51:00.000000000","Medum","Arjun",3,"Payment Failure","Email","Resolved"
"TCK0716014","2025-07-16 07:26:00.000000000",\N,"Medium","Sneha",7,"Payment Failure","Email","Open"
"TCK0716016","2025-07-16 09:12:00.000000000","2025-07-16 16:19:00.000000000","Low","Ananya",2,"Login Issue","Email","Resolved"
"TCK0716016","2025-07-16 09:12:00.000000000","2025-07-16 16:19:00.000000000","Low","Ananya",2,"Login Issue","Email","Resolved"
"TCK0716017","2025-07-16 10:01:00.000000000","2025-07-17 17:47:00.000000000","Medium","Kavya",3,"Payment Failure","Web Form","Resolved"
"TCK0716018","2025-07-16 10:43:00.000000000","2025-07-16 21:05:00.000000000","Low","Rohit",1,"Account Locked","Email","Resolved"
"TCK0716019","2025-07-16 11:01:00.000000000","2025-07-16 20:57:00.000000000","Medium","Sneha",6,"Payment Failure","Email","Resolved"
"TCK0716020","2025-07-16 11:06:00.000000000",\N,"High","Rohit",3,"Bug Report","Chat","Open"
"TCK0717001","2025-07-17 02:58:00.000000000","2025-07-18 10:50:00.000000000","Medum","Ananya",8,"Login Issue","Phone","Resolved"
"TCK0717002","2025-07-17 03:34:00.000000000","2025-07-18 07:11:00.000000000","Lw","Kavya",4,"Login Issue","Email","Resolved"
"TCK0717003","2025-07-17 03:53:00.000000000","2025-07-17 07:20:00.000000000","Medium","Kavya",1,"Feature Request","Chat","Resolved"
"TCK0717004","2025-07-17 03:57:00.000000000","2025-07-17 17:34:00.000000000","Medium","Arjun",4,"Login Issue","Chat","Resolved"
"TCK0717005","2025-07-17 04:12:00.000000000","2025-07-17 11:09:00.000000000","Medium","Arjun",1,"Payment Failure","Web Form","Resolved"
"TCK0717006","2025-07-17 04:14:00.000000000","2025-07-18 13:17:00.000000000","Low","Kavya",2,"Payment Failure","Email","Resolved"
"TCK0717007","2025-07-17 04:29:00.000000000","2025-07-17 15:04:00.000000000","Medium","Arjun",6,"Bug Report","Chat","Resolved"
"TCK0717010","2025-07-17 06:14:00.000000000",\N,"Medium","Arjun",8,"Login Issue","Chat","Open"
"TCK0717012","2025-07-17 08:15:00.000000000","2025-07-18 09:06:00.000000000","Lw","Ananya",2,"Login Issue","Chat","Escalated"
"TCK0717013","2025-07-17 09:21:00.000000000","2025-07-18 11:11:00.000000000","Medium","Arjun",7,"Feature Request","Chat","Escalated"
"TCK0717014","2025-07-17 09:26:00.000000000","2025-07-18 15:52:00.000000000","Low","Sneha",2,"Account Locked","Web Form","Resolved"
"TCK0717015","2025-07-17 09:44:00.000000000",\N,"Low","Sneha",5,"Account Locked","Chat","Open"
"TCK0717016","2025-07-17 10:51:00.000000000","2025-07-18 07:29:00.000000000","Low","Ananya",6,"Payment Failure","Email","Resolved"
"TCK0717017","2025-07-17 10:53:00.000000000","2025-07-17 13:50:00.000000000","Low","Arjun",4,"Feature Request","Phone","Resolved"
"TCK0717018","2025-07-17 11:03:00.000000000","2025-07-18 16:06:00.000000000","Lw","Rohit",8,"Account Locked","Chat","Resolved"
"TCK0717019","2025-07-17 11:34:00.000000000","2025-07-17 19:24:00.000000000","Medium","Kavya",2,"Payment Failure","Chat","Resolved"
"TCK0717020","2025-07-17 11:36:00.000000000",\N,"Lw","Sneha",2,"Bug Report","Email","Open"
"TCK0717021","2025-07-17 11:54:00.000000000","2025-07-18 07:24:00.000000000","Medium","Sneha",7,"Account Locked","Phone","Resolved"
"TCK0717021","2025-07-17 11:54:00.000000000","2025-07-18 07:24:00.000000000","Medium","Sneha",7,"Account Locked","Phone","Resolved"
"TCK0718000","2025-07-18 00:02:00.000000000","2025-07-18 07:21:00.000000000","Low","Rohit",2,"Payment Failure","Chat","Resolved"
"TCK0718000","2025-07-18 00:02:00.000000000","2025-07-18 07:21:00.000000000","Low","Rohit",2,"Payment Failure","Chat","Resolved"
"TCK0718001","2025-07-18 00:33:00.000000000","2025-07-18 20:45:00.000000000","Medium","Rohit",5,"Feature Request","Chat","Resolved"
"TCK0718002","2025-07-18 01:01:00.000000000","2025-07-18 05:59:00.000000000","Low","Sneha",8,"Feature Request","Chat","Resolved"
"TCK0718003","2025-07-18 01:55:00.000000000","2025-07-19 10:16:00.000000000","Lw","Rohit",2,"Bug Report","Web Form","Resolved"
"TCK0718004","2025-07-18 01:59:00.000000000","2025-07-19 01:49:00.000000000","Medium","Rohit",6,"Bug Report","Phone","Resolved"
"TCK0718005","2025-07-18 04:40:00.000000000","2025-07-19 07:16:00.000000000","Low","Kavya",7,"Payment Failure","Web Form","Resolved"
"TCK0718007","2025-07-18 05:24:00.000000000",\N,"High","Sneha",3,"Bug Report","Chat","Open"
"TCK0718009","2025-07-18 06:51:00.000000000",\N,"Medum","Kavya",4,"Login Issue","Phone","Open"
"TCK0718010","2025-07-18 07:33:00.000000000","2025-07-19 02:25:00.000000000","Low","Arjun",2,"Payment Failure","Phone","Resolved"
"TCK0718011","2025-07-18 07:41:00.000000000","2025-07-19 19:04:00.000000000","Medium","Sneha",5,"Feature Request","Email","Resolved"
"TCK0718012","2025-07-18 08:11:00.000000000","2025-07-19 04:39:00.000000000","High","Ananya",3,"Feature Request","Web Form","Resolved"
"TCK0718013","2025-07-18 08:18:00.000000000","2025-07-18 12:00:00.000000000","Low","Sneha",2,"Feature Request","Web Form","Resolved"
"TCK0718015","2025-07-18 09:17:00.000000000","2025-07-19 04:54:00.000000000","Lw","Rohit",3,"Payment Failure","Web Form","Resolved"
"TCK0718016","2025-07-18 09:33:00.000000000","2025-07-18 16:26:00.000000000","Low","Ananya",4,"Bug Report","Phone","Resolved"
"TCK0718017","2025-07-18 09:39:00.000000000","2025-07-19 13:33:00.000000000","High","Arjun",3,"Payment Failure","Web Form","Resolved"
"TCK0718019","2025-07-18 10:48:00.000000000","2025-07-19 17:04:00.000000000","High","Arjun",2,"Bug Report","Phone","Resolved"
"TCK0718019","2025-07-18 10:48:00.000000000","2025-07-19 17:04:00.000000000","High","Arjun",2,"Bug Report","Phone","Resolved"
"TCK0718020","2025-07-18 11:09:00.000000000","2025-07-18 14:09:00.000000000","High","Ananya",3,"Payment Failure","Email","Resolved"
"TCK0718021","2025-07-18 11:31:00.000000000","2025-07-19 09:37:00.000000000","High","Ananya",6,"Feature Request","Phone","Escalated"
"TCK0718022","2025-07-18 11:48:00.000000000","2025-07-19 22:28:00.000000000","Medium","Arjun",2,"Payment Failure","Email","Escalated"
"TCK0719000","2025-07-19 00:20:00.000000000","2025-07-19 05:39:00.000000000","High","Rohit",8,"Payment Failure","Chat","Resolved"
"TCK0719002","2025-07-19 00:48:00.000000000","2025-07-19 19:25:00.000000000","Medium","Rohit",2,"Payment Failure","Web Form","Resolved"
"TCK0719004","2025-07-19 03:34:00.000000000","2025-07-20 05:39:00.000000000","Low","Arjun",2,"Account Locked","Chat","Resolved"
"TCK0719005","2025-07-19 04:03:00.000000000","2025-07-19 10:58:00.000000000","Medium","Kavya",8,"Payment Failure","Email","Resolved"
"TCK0719006","2025-07-19 04:14:00.000000000","2025-07-19 22:35:00.000000000","Low","Rohit",1,"Login Issue","Chat","Resolved"
"TCK0719007","2025-07-19 04:51:00.000000000","2025-07-20 12:06:00.000000000","Medium","Sneha",3,"Login Issue","Phone","Resolved"
"TCK0719008","2025-07-19 05:05:00.000000000","2025-07-20 06:30:00.000000000","Low","Rohit",5,"Feature Request","Email","Resolved"
"TCK0719009","2025-07-19 06:02:00.000000000",\N,"Medium","Kavya",7,"Payment Failure","Phone","Open"
"TCK0719011","2025-07-19 06:34:00.000000000","2025-07-19 07:23:00.000000000","Medium","Sneha",5,"Feature Request","Phone","Resolved"
"TCK0719012","2025-07-19 06:44:00.000000000","2025-07-20 04:48:00.000000000","Lw","Ananya",6,"Login Issue","Chat","Resolved"
"TCK0719013","2025-07-19 07:37:00.000000000","2025-07-20 13:53:00.000000000","Medium","Arjun",4,"Feature Request","Email","Escalated"
"TCK0719014","2025-07-19 07:54:00.000000000","2025-07-20 11:48:00.000000000","Medium","Ananya",5,"Login Issue","Web Form","Resolved"
"TCK0719015","2025-07-19 07:57:00.000000000","2025-07-19 12:01:00.000000000","Medium","Kavya",4,"Account Locked","Chat","Resolved"
"TCK0719015","2025-07-19 07:57:00.000000000","2025-07-19 12:01:00.000000000","Medium","Kavya",4,"Account Locked","Chat","Resolved"
"TCK0719016","2025-07-19 08:59:00.000000000","2025-07-19 10:55:00.000000000","Medum","Rohit",1,"Bug Report","Phone","Resolved"
"TCK0719017","2025-07-19 09:36:00.000000000","2025-07-20 06:04:00.000000000","Low","Sneha",8,"Login Issue","Web Form","Resolved"
"TCK0719018","2025-07-19 09:49:00.000000000","2025-07-20 07:54:00.000000000","Lw","Sneha",8,"Payment Failure","Phone","Resolved"
"TCK0719019","2025-07-19 10:37:00.000000000","2025-07-20 16:55:00.000000000","Low","Sneha",8,"Login Issue","Chat","Resolved"
"TCK0719021","2025-07-19 11:05:00.000000000","2025-07-20 11:49:00.000000000","Medium","Kavya",3,"Payment Failure","Chat","Resolved"
"TCK0720001","2025-07-20 00:10:00.000000000","2025-07-20 03:44:00.000000000","Low","Rohit",4,"Feature Request","Chat","Resolved"
"TCK0720002","2025-07-20 00:11:00.000000000","2025-07-21 11:47:00.000000000","Medium","Kavya",6,"Bug Report","Phone","Resolved"
"TCK0720003","2025-07-20 00:17:00.000000000","2025-07-21 03:39:00.000000000","High","Arjun",3,"Login Issue","Chat","Resolved"
"TCK0720005","2025-07-20 00:29:00.000000000",\N,"Medium","Ananya",7,"Feature Request","Web Form","Open"
"TCK0720006","2025-07-20 02:52:00.000000000","2025-07-20 04:27:00.000000000","High","Arjun",1,"Login Issue","Email","Resolved"
"TCK0720007","2025-07-20 02:56:00.000000000","2025-07-21 10:57:00.000000000","Medium","Arjun",1,"Payment Failure","Phone","Resolved"
"TCK0720008","2025-07-20 03:21:00.000000000",\N,"Medium","Ananya",8,"Bug Report","Chat","Open"
"TCK0720009","2025-07-20 05:17:00.000000000","2025-07-20 05:33:00.000000000","Medium","Ananya",3,"Feature Request","Web Form","Resolved"
"TCK0720010","2025-07-20 06:08:00.000000000","2025-07-20 08:57:00.000000000","Hgh","Kavya",5,"Account Locked","Phone","Resolved"
"TCK0720012","2025-07-20 08:01:00.000000000",\N,"Medium","Kavya",7,"Account Locked","Email","Open"
"TCK0720013","2025-07-20 08:39:00.000000000","2025-07-21 05:09:00.000000000","Medum","Ananya",2,"Login Issue","Web Form","Resolved"
"TCK0720014","2025-07-20 08:54:00.000000000","2025-07-21 01:54:00.000000000","High","Rohit",4,"Bug Report","Web Form","Resolved"
"TCK0720015","2025-07-20 09:06:00.000000000","2025-07-21 19:21:00.000000000","Low","Arjun",2,"Account Locked","Web Form","Resolved"
"TCK0720016","2025-07-20 09:17:00.000000000","2025-07-20 23:04:00.000000000","Medum","Rohit",3,"Payment Failure","Web Form","Resolved"
"TCK0720017","2025-07-20 09:37:00.000000000","2025-07-20 23:15:00.000000000","High","Rohit",5,"Bug Report","Email","Resolved"
"TCK0720018","2025-07-20 09:57:00.000000000","2025-07-21 15:46:00.000000000","Lw","Sneha",5,"Account Locked","Web Form","Resolved"
"TCK0720019","2025-07-20 10:32:00.000000000","2025-07-20 23:28:00.000000000","Low","Ananya",7,"Bug Report","Phone","Resolved"
"TCK0720019","2025-07-20 10:32:00.000000000","2025-07-20 23:28:00.000000000","Low","Ananya",7,"Bug Report","Phone","Resolved"
"TCK0720020","2025-07-20 10:46:00.000000000",\N,"Medium","Kavya",4,"Feature Request","Email","Open"
"TCK0720023","2025-07-20 11:42:00.000000000","2025-07-21 22:24:00.000000000","High","Sneha",4,"Bug Report","Email","Resolved"
"TCK0720024","2025-07-20 11:49:00.000000000","2025-07-20 20:47:00.000000000","Medium","Kavya",1,"Payment Failure","Phone","Resolved"
"TCK0721001","2025-07-21 00:09:00.000000000","2025-07-21 13:00:00.000000000","Medium","Arjun",2,"Bug Report","Email","Resolved"
"TCK0721001","2025-07-21 00:09:00.000000000","2025-07-21 13:00:00.000000000","Medium","Arjun",2,"Bug Report","Email","Resolved"
"TCK0721002","2025-07-21 00:10:00.000000000","2025-07-21 08:37:00.000000000","High","Arjun",2,"Account Locked","Email","Resolved"
"TCK0721003","2025-07-21 00:45:00.000000000","2025-07-22 10:51:00.000000000","Lw","Kavya",2,"Payment Failure","Email","Resolved"
"TCK0721004","2025-07-21 00:59:00.000000000","2025-07-21 11:02:00.000000000","High","Kavya",8,"Payment Failure","Email","Resolved"
"TCK0721006","2025-07-21 02:12:00.000000000",\N,"Lw","Sneha",7,"Account Locked","Web Form","Open"
"TCK0721007","2025-07-21 02:22:00.000000000","2025-07-21 20:34:00.000000000","Lw","Rohit",7,"Feature Request","Web Form","Escalated"
"TCK0721008","2025-07-21 03:19:00.000000000","2025-07-21 13:07:00.000000000","Low","Arjun",7,"Login Issue","Email","Resolved"
"TCK0721009","2025-07-21 04:43:00.000000000","2025-07-21 12:41:00.000000000","Medium","Ananya",4,"Bug Report","Chat","Resolved"
"TCK0721010","2025-07-21 04:45:00.000000000","2025-07-22 03:15:00.000000000","Medum","Sneha",8,"Payment Failure","Email","Resolved"
"TCK0721011","2025-07-21 05:05:00.000000000","2025-07-21 22:30:00.000000000","Medum","Sneha",1,"Account Locked","Chat","Resolved"
"TCK0721011","2025-07-21 05:05:00.000000000","2025-07-21 22:30:00.000000000","Medum","Sneha",1,"Account Locked","Chat","Resolved"
"TCK0721012","2025-07-21 05:50:00.000000000","2025-07-21 17:20:00.000000000","Medium","Arjun",5,"Account Locked","Email","Resolved"
"TCK0721013","2025-07-21 06:24:00.000000000","2025-07-21 21:10:00.000000000","Medium","Arjun",6,"Payment Failure","Phone","Resolved"
"TCK0721014","2025-07-21 08:37:00.000000000","2025-07-22 19:28:00.000000000","Low","Arjun",4,"Feature Request","Chat","Resolved"
"TCK0721015","2025-07-21 09:11:00.000000000","2025-07-22 08:49:00.000000000","Medium","Ananya",2,"Payment Failure","Phone","Resolved"
"TCK0721016","2025-07-21 09:30:00.000000000","2025-07-21 15:40:00.000000000","Medium","Arjun",8,"Feature Request","Email","Resolved"
"TCK0721018","2025-07-21 10:29:00.000000000",\N,"Low","Ananya",6,"Account Locked","Phone","Open"
"TCK0722000","2025-07-22 00:54:00.000000000","2025-07-22 10:42:00.000000000","Low","Kavya",1,"Feature Request","Phone","Resolved"
"TCK0722001","2025-07-22 01:05:00.000000000","2025-07-22 04:14:00.000000000","Low","Arjun",7,"Payment Failure","Web Form","Resolved"
"TCK0722002","2025-07-22 01:12:00.000000000","2025-07-22 22:50:00.000000000","Medium","Arjun",4,"Account Locked","Web Form","Resolved"
"TCK0722005","2025-07-22 02:23:00.000000000","2025-07-23 11:17:00.000000000","Hgh","Kavya",6,"Payment Failure","Phone","Resolved"
"TCK0722006","2025-07-22 03:34:00.000000000","2025-07-23 02:41:00.000000000","Medium","Arjun",8,"Payment Failure","Web Form","Resolved"
"TCK0722007","2025-07-22 03:37:00.000000000","2025-07-23 01:14:00.000000000","High","Rohit",3,"Payment Failure","Email","Resolved"
"TCK0722008","2025-07-22 03:55:00.000000000","2025-07-22 17:31:00.000000000","Low","Arjun",6,"Login Issue","Web Form","Resolved"
"TCK0722008","2025-07-22 03:55:00.000000000","2025-07-22 17:31:00.000000000","Low","Arjun",6,"Login Issue","Web Form","Resolved"
"TCK0722009","2025-07-22 04:52:00.000000000","2025-07-23 06:52:00.000000000","Medium","Arjun",8,"Feature Request","Web Form","Resolved"
"TCK0722010","2025-07-22 06:28:00.000000000","2025-07-22 06:50:00.000000000","Medium","Arjun",6,"Login Issue","Web Form","Resolved"
"TCK0722011","2025-07-22 06:32:00.000000000",\N,"Lw","Rohit",7,"Account Locked","Web Form","Open"
"TCK0722012","2025-07-22 07:06:00.000000000","2025-07-23 08:33:00.000000000","High","Sneha",7,"Feature Request","Email","Resolved"
"TCK0722013","2025-07-22 07:18:00.000000000","2025-07-22 16:09:00.000000000","High","Ananya",8,"Feature Request","Web Form","Resolved"
"TCK0722013","2025-07-22 07:18:00.000000000","2025-07-22 16:09:00.000000000","High","Ananya",8,"Feature Request","Web Form","Resolved"
"TCK0722014","2025-07-22 07:26:00.000000000","2025-07-23 01:42:00.000000000","Medum","Kavya",8,"Feature Request","Email","Resolved"
"TCK0722017","2025-07-22 09:42:00.000000000",\N,"Lw","Arjun",7,"Login Issue","Phone","Open"
"TCK0722018","2025-07-22 10:44:00.000000000","2025-07-22 15:59:00.000000000","High","Ananya",8,"Feature Request","Chat","Resolved"
"TCK0722019","2025-07-22 10:47:00.000000000","2025-07-23 16:23:00.000000000","Medium","Kavya",2,"Login Issue","Phone","Resolved"
"TCK0722020","2025-07-22 11:29:00.000000000","2025-07-22 20:52:00.000000000","High","Sneha",3,"Payment Failure","Chat","Resolved"
"TCK0722021","2025-07-22 11:53:00.000000000","2025-07-23 08:00:00.000000000","Medum","Rohit",2,"Login Issue","Chat","Resolved"
"TCK0723000","2025-07-23 01:36:00.000000000","2025-07-23 18:20:00.000000000","Medium","Rohit",4,"Bug Report","Chat","Resolved"
"TCK0723002","2025-07-23 01:42:00.000000000","2025-07-23 11:15:00.000000000","Medium","Rohit",7,"Account Locked","Phone","Resolved"
"TCK0723003","2025-07-23 01:50:00.000000000","2025-07-24 08:21:00.000000000","Low","Sneha",1,"Feature Request","Web Form","Resolved"
"TCK0723004","2025-07-23 02:12:00.000000000","2025-07-23 02:31:00.000000000","High","Ananya",1,"Feature Request","Chat","Resolved"
"TCK0723006","2025-07-23 05:17:00.000000000","2025-07-24 03:52:00.000000000","Lw","Arjun",5,"Payment Failure","Phone","Resolved"
"TCK0723007","2025-07-23 06:04:00.000000000","2025-07-24 01:44:00.000000000","Medium","Arjun",7,"Account Locked","Phone","Resolved"
"TCK0723008","2025-07-23 06:12:00.000000000","2025-07-23 19:38:00.000000000","Medium","Rohit",3,"Feature Request","Chat","Resolved"
"TCK0723009","2025-07-23 06:14:00.000000000","2025-07-23 15:25:00.000000000","Low","Ananya",8,"Bug Report","Email","Resolved"
"TCK0723011","2025-07-23 07:18:00.000000000","2025-07-24 09:30:00.000000000","Low","Ananya",1,"Payment Failure","Phone","Resolved"
"TCK0723012","2025-07-23 07:56:00.000000000","2025-07-23 12:22:00.000000000","Low","Kavya",7,"Login Issue","Web Form","Resolved"
"TCK0723013","2025-07-23 07:57:00.000000000","2025-07-24 11:40:00.000000000","High","Ananya",4,"Login Issue","Web Form","Resolved"
"TCK0723014","2025-07-23 08:04:00.000000000","2025-07-24 03:22:00.000000000","Low","Ananya",3,"Bug Report","Chat","Resolved"
"TCK0723015","2025-07-23 08:25:00.000000000","2025-07-24 04:13:00.000000000","High","Ananya",4,"Feature Request","Phone","Resolved"
"TCK0723016","2025-07-23 08:50:00.000000000","2025-07-23 13:48:00.000000000","Lw","Kavya",6,"Bug Report","Email","Resolved"
"TCK0723016","2025-07-23 08:50:00.000000000","2025-07-23 13:48:00.000000000","Lw","Kavya",6,"Bug Report","Email","Resolved"
"TCK0723018","2025-07-23 10:42:00.000000000","2025-07-24 17:36:00.000000000","Low","Ananya",1,"Login Issue","Email","Resolved"
"TCK0723019","2025-07-23 10:44:00.000000000","2025-07-24 13:34:00.000000000","Medium","Ananya",2,"Account Locked","Phone","Resolved"
"TCK0723020","2025-07-23 10:51:00.000000000","2025-07-24 03:12:00.000000000","Lw","Sneha",7,"Login Issue","Web Form","Resolved"
"TCK0723021","2025-07-23 11:37:00.000000000","2025-07-23 18:05:00.000000000","Lw","Arjun",8,"Account Locked","Email","Resolved"
"TCK0724000","2025-07-24 01:07:00.000000000","2025-07-24 07:50:00.000000000","Medium","Kavya",3,"Payment Failure","Email","Resolved"
"TCK0724001","2025-07-24 01:19:00.000000000","2025-07-24 09:09:00.000000000","Medium","Ananya",1,"Payment Failure","Email","Resolved"
"TCK0724002","2025-07-24 02:52:00.000000000",\N,"High","Sneha",8,"Bug Report","Phone","Open"
"TCK0724003","2025-07-24 03:16:00.000000000","2025-07-24 13:23:00.000000000","Medium","Sneha",3,"Bug Report","Web Form","Resolved"
"TCK0724005","2025-07-24 03:20:00.000000000","2025-07-24 09:47:00.000000000","Lw","Kavya",2,"Payment Failure","Chat","Resolved"
"TCK0724006","2025-07-24 03:57:00.000000000","2025-07-24 13:01:00.000000000","Medium","Kavya",7,"Login Issue","Chat","Resolved"
"TCK0724008","2025-07-24 04:53:00.000000000","2025-07-25 07:37:00.000000000","High","Kavya",4,"Bug Report","Email","Escalated"
"TCK0724009","2025-07-24 05:58:00.000000000","2025-07-24 22:46:00.000000000","Medium","Ananya",4,"Account Locked","Phone","Resolved"
"TCK0724010","2025-07-24 06:13:00.000000000","2025-07-25 05:19:00.000000000","High","Arjun",8,"Payment Failure","Email","Resolved"
"TCK0724013","2025-07-24 07:13:00.000000000","2025-07-25 04:43:00.000000000","High","Kavya",7,"Login Issue","Phone","Resolved"
"TCK0724014","2025-07-24 07:27:00.000000000","2025-07-25 10:20:00.000000000","Low","Sneha",3,"Bug Report","Phone","Resolved"
"TCK0724015","2025-07-24 07:50:00.000000000","2025-07-25 10:17:00.000000000","Low","Sneha",8,"Payment Failure","Web Form","Resolved"
"TCK0724016","2025-07-24 08:42:00.000000000","2025-07-25 13:46:00.000000000","Medium","Rohit",6,"Account Locked","Chat","Resolved"
"TCK0724017","2025-07-24 11:02:00.000000000",\N,"Medium","Kavya",5,"Account Locked","Phone","Open"
"TCK0724018","2025-07-24 11:02:00.000000000","2025-07-24 12:12:00.000000000","Medium","Ananya",2,"Payment Failure","Web Form","Resolved"
"TCK0724018","2025-07-24 11:02:00.000000000","2025-07-24 12:12:00.000000000","Medium","Ananya",2,"Payment Failure","Web Form","Resolved"
"TCK0724019","2025-07-24 11:08:00.000000000","2025-07-25 08:41:00.000000000","Medium","Kavya",8,"Feature Request","Email","Resolved"
"TCK0724020","2025-07-24 11:36:00.000000000","2025-07-24 20:08:00.000000000","High","Sneha",8,"Account Locked","Phone","Escalated"
"TCK0725000","2025-07-25 00:16:00.000000000","2025-07-25 21:21:00.000000000","Lw","Kavya",2,"Feature Request","Web Form","Resolved"
"TCK0725003","2025-07-25 01:19:00.000000000","2025-07-26 11:28:00.000000000","Low","Ananya",3,"Login Issue","Web Form","Resolved"
"TCK0725004","2025-07-25 01:42:00.000000000","2025-07-26 04:33:00.000000000","Medium","Sneha",7,"Bug Report","Web Form","Resolved"
"TCK0725006","2025-07-25 03:54:00.000000000",\N,"Low","Sneha",4,"Feature Request","Phone","Open"
"TCK0725007","2025-07-25 04:11:00.000000000","2025-07-26 14:34:00.000000000","High","Rohit",8,"Feature Request","Email","Resolved"
"TCK0725008","2025-07-25 04:12:00.000000000",\N,"Low","Rohit",3,"Payment Failure","Email","Open"
"TCK0725009","2025-07-25 04:13:00.000000000","2025-07-25 22:28:00.000000000","Medium","Rohit",2,"Account Locked","Email","Resolved"
"TCK0725010","2025-07-25 04:35:00.000000000","2025-07-25 15:52:00.000000000","High","Kavya",6,"Account Locked","Email","Resolved"
"TCK0725011","2025-07-25 05:00:00.000000000","2025-07-25 11:34:00.000000000","High","Arjun",2,"Bug Report","Web Form","Resolved"
"TCK0725012","2025-07-25 05:14:00.000000000","2025-07-25 22:37:00.000000000","Hgh","Rohit",5,"Payment Failure","Phone","Resolved"
"TCK0725013","2025-07-25 05:29:00.000000000","2025-07-26 16:27:00.000000000","Medium","Arjun",6,"Account Locked","Web Form","Resolved"
"TCK0725014","2025-07-25 05:54:00.000000000","2025-07-26 16:51:00.000000000","High","Rohit",4,"Payment Failure","Web Form","Resolved"
"TCK0725015","2025-07-25 06:14:00.000000000","2025-07-25 08:01:00.000000000","Medium","Sneha",1,"Feature Request","Phone","Resolved"
"TCK0725016","2025-07-25 06:55:00.000000000","2025-07-25 21:37:00.000000000","Medium","Sneha",7,"Feature Request","Email","Resolved"
"TCK0725018","2025-07-25 08:10:00.000000000","2025-07-26 18:00:00.000000000","Medium","Sneha",7,"Bug Report","Phone","Resolved"
"TCK0725018","2025-07-25 08:10:00.000000000","2025-07-26 18:00:00.000000000","Medium","Sneha",7,"Bug Report","Phone","Resolved"
"TCK0725019","2025-07-25 08:15:00.000000000","2025-07-26 20:09:00.000000000","Medum","Sneha",3,"Feature Request","Email","Resolved"
"TCK0725020","2025-07-25 08:26:00.000000000","2025-07-26 15:41:00.000000000","Medium","Sneha",2,"Account Locked","Email","Resolved"
"TCK0725021","2025-07-25 08:54:00.000000000",\N,"Medium","Ananya",7,"Payment Failure","Phone","Open"
"TCK0725022","2025-07-25 09:15:00.000000000","2025-07-26 00:32:00.000000000","Hgh","Rohit",8,"Account Locked","Email","Resolved"
"TCK0725023","2025-07-25 09:17:00.000000000",\N,"Low","Rohit",6,"Payment Failure","Chat","Open"
"TCK0725025","2025-07-25 11:53:00.000000000","2025-07-26 06:42:00.000000000","Medium","Ananya",5,"Bug Report","Phone","Resolved"
"TCK0725026","2025-07-25 11:55:00.000000000","2025-07-26 06:16:00.000000000","Medium","Rohit",7,"Account Locked","Phone","Resolved"
"TCK0726000","2025-07-26 00:14:00.000000000","2025-07-26 19:17:00.000000000","Medium","Rohit",7,"Account Locked","Email","Resolved"
"TCK0726001","2025-07-26 00:48:00.000000000",\N,"High","Sneha",2,"Feature Request","Web Form","Open"
"TCK0726002","2025-07-26 01:47:00.000000000","2025-07-27 08:13:00.000000000","Low","Ananya",6,"Bug Report","Chat","Resolved"
"TCK0726003","2025-07-26 02:06:00.000000000","2025-07-27 02:05:00.000000000","Medium","Sneha",4,"Bug Report","Web Form","Resolved"
"TCK0726004","2025-07-26 02:58:00.000000000","2025-07-27 00:24:00.000000000","Medum","Arjun",3,"Feature Request","Email","Resolved"
"TCK0726004","2025-07-26 02:58:00.000000000","2025-07-27 00:24:00.000000000","Medum","Arjun",3,"Feature Request","Email","Resolved"
"TCK0726005","2025-07-26 03:06:00.000000000","2025-07-26 16:56:00.000000000","Low","Ananya",8,"Bug Report","Email","Resolved"
"TCK0726006","2025-07-26 03:07:00.000000000",\N,"Lw","Rohit",4,"Payment Failure","Phone","Open"
"TCK0726007","2025-07-26 05:06:00.000000000","2025-07-27 08:58:00.000000000","Low","Sneha",2,"Account Locked","Web Form","Resolved"
"TCK0726008","2025-07-26 06:25:00.000000000","2025-07-27 08:33:00.000000000","Low","Rohit",1,"Login Issue","Phone","Resolved"
"TCK0726009","2025-07-26 06:36:00.000000000",\N,"High","Rohit",4,"Account Locked","Email","Open"
"TCK0726010","2025-07-26 06:39:00.000000000",\N,"Medium","Rohit",8,"Payment Failure","Phone","Open"
"TCK0726011","2025-07-26 07:10:00.000000000","2025-07-26 19:29:00.000000000","Medium","Sneha",1,"Bug Report","Chat","Resolved"
"TCK0726012","2025-07-26 08:54:00.000000000","2025-07-26 21:55:00.000000000","Medium","Arjun",7,"Login Issue","Chat","Resolved"
"TCK0726014","2025-07-26 10:02:00.000000000","2025-07-27 10:08:00.000000000","Medium","Kavya",2,"Account Locked","Chat","Resolved"
"TCK0726016","2025-07-26 11:26:00.000000000","2025-07-27 02:00:00.000000000","Medium","Kavya",6,"Account Locked","Web Form","Resolved"
"TCK0726017","2025-07-26 11:33:00.000000000","2025-07-27 00:42:00.000000000","Lw","Sneha",2,"Account Locked","Chat","Resolved"
"TCK0727000","2025-07-27 00:35:00.000000000","2025-07-27 16:34:00.000000000","Medium","Ananya",6,"Feature Request","Chat","Escalated"
"TCK0727000","2025-07-27 00:35:00.000000000","2025-07-27 16:34:00.000000000","Medium","Ananya",6,"Feature Request","Chat","Escalated"
"TCK0727001","2025-07-27 01:21:00.000000000","2025-07-27 20:51:00.000000000","Lw","Sneha",6,"Feature Request","Email","Resolved"
"TCK0727002","2025-07-27 02:00:00.000000000","2025-07-28 08:29:00.000000000","Medium","Arjun",6,"Login Issue","Email","Resolved"
"TCK0727003","2025-07-27 02:01:00.000000000","2025-07-27 05:24:00.000000000","High","Rohit",1,"Bug Report","Phone","Resolved"
"TCK0727004","2025-07-27 02:22:00.000000000",\N,"Medium","Rohit",8,"Feature Request","Web Form","Open"
"TCK0727005","2025-07-27 02:32:00.000000000","2025-07-27 07:50:00.000000000","High","Arjun",4,"Account Locked","Email","Resolved"
"TCK0727006","2025-07-27 03:11:00.000000000","2025-07-28 09:05:00.000000000","Medium","Sneha",4,"Feature Request","Email","Resolved"
"TCK0727007","2025-07-27 03:19:00.000000000","2025-07-27 12:15:00.000000000","Medium","Ananya",4,"Bug Report","Phone","Resolved"
"TCK0727008","2025-07-27 03:19:00.000000000","2025-07-28 09:59:00.000000000","Low","Rohit",4,"Login Issue","Email","Resolved"
"TCK0727009","2025-07-27 03:40:00.000000000","2025-07-27 21:49:00.000000000","Hgh","Kavya",2,"Payment Failure","Email","Resolved"
"TCK0727010","2025-07-27 04:22:00.000000000","2025-07-27 22:37:00.000000000","Medium","Ananya",8,"Login Issue","Chat","Resolved"
"TCK0727012","2025-07-27 05:45:00.000000000","2025-07-27 19:49:00.000000000","Medium","Kavya",5,"Payment Failure","Web Form","Escalated"
"TCK0727013","2025-07-27 06:04:00.000000000","2025-07-28 07:11:00.000000000","Low","Kavya",6,"Bug Report","Web Form","Resolved"
"TCK0727015","2025-07-27 07:29:00.000000000","2025-07-27 12:48:00.000000000","High","Kavya",7,"Bug Report","Email","Resolved"
"TCK0727017","2025-07-27 07:50:00.000000000","2025-07-28 02:53:00.000000000","Low","Rohit",5,"Feature Request","Email","Resolved"
"TCK0727018","2025-07-27 09:16:00.000000000","2025-07-28 14:55:00.000000000","Medium","Sneha",6,"Feature Request","Web Form","Resolved"
"TCK0727018","2025-07-27 09:16:00.000000000","2025-07-28 14:55:00.000000000","Medium","Sneha",6,"Feature Request","Web Form","Resolved"
"TCK0727020","2025-07-27 09:25:00.000000000","2025-07-27 23:43:00.000000000","Low","Sneha",7,"Login Issue","Phone","Resolved"
"TCK0727021","2025-07-27 10:34:00.000000000","2025-07-28 04:01:00.000000000","High","Kavya",8,"Feature Request","Email","Resolved"
"TCK0728000","2025-07-28 00:13:00.000000000","2025-07-28 12:13:00.000000000","Low","Kavya",2,"Bug Report","Phone","Resolved"
"TCK0728001","2025-07-28 00:14:00.000000000","2025-07-28 14:34:00.000000000","Medium","Kavya",6,"Login Issue","Email","Resolved"
"TCK0728003","2025-07-28 02:33:00.000000000","2025-07-29 04:09:00.000000000","Medium","Rohit",5,"Feature Request","Chat","Resolved"
"TCK0728004","2025-07-28 02:59:00.000000000","2025-07-29 05:57:00.000000000","Lw","Kavya",4,"Payment Failure","Phone","Resolved"
"TCK0728005","2025-07-28 03:36:00.000000000","2025-07-28 21:39:00.000000000","Low","Rohit",6,"Bug Report","Chat","Resolved"
"TCK0728006","2025-07-28 04:17:00.000000000",\N,"Medium","Kavya",8,"Payment Failure","Chat","Open"
"TCK0728007","2025-07-28 05:11:00.000000000","2025-07-28 22:30:00.000000000","Medium","Rohit",7,"Feature Request","Phone","Resolved"
"TCK0728008","2025-07-28 05:16:00.000000000","2025-07-29 01:55:00.000000000","Low","Rohit",5,"Login Issue","Email","Resolved"
"TCK0728009","2025-07-28 05:46:00.000000000","2025-07-28 22:55:00.000000000","Medium","Arjun",5,"Payment Failure","Phone","Resolved"
"TCK0728010","2025-07-28 06:58:00.000000000","2025-07-28 11:46:00.000000000","Low","Arjun",3,"Payment Failure","Phone","Resolved"
"TCK0728011","2025-07-28 08:08:00.000000000",\N,"Lw","Rohit",2,"Payment Failure","Phone","Open"
"TCK0728012","2025-07-28 08:10:00.000000000","2025-07-29 08:22:00.000000000","Hgh","Arjun",5,"Login Issue","Chat","Resolved"
"TCK0728012","2025-07-28 08:10:00.000000000","2025-07-29 08:22:00.000000000","Hgh","Arjun",5,"Login Issue","Chat","Resolved"
"TCK0728013","2025-07-28 08:34:00.000000000","2025-07-29 11:19:00.000000000","Low","Rohit",2,"Payment Failure","Phone","Resolved"
"TCK0728014","2025-07-28 09:07:00.000000000",\N,"Medium","Kavya",8,"Account Locked","Web Form","Open"
"TCK0728015","2025-07-28 09:08:00.000000000","2025-07-29 14:35:00.000000000","High","Sneha",6,"Bug Report","Chat","Resolved"
"TCK0728016","2025-07-28 09:59:00.000000000","2025-07-29 19:39:00.000000000","Low","Sneha",1,"Feature Request","Web Form","Resolved"
"TCK0728019","2025-07-28 10:55:00.000000000","2025-07-28 23:47:00.000000000","Lw","Sneha",8,"Account Locked","Email","Resolved"
"TCK0728021","2025-07-28 10:59:00.000000000",\N,"High","Sneha",8,"Account Locked","Email","Open"
"TCK0728022","2025-07-28 11:24:00.000000000","2025-07-29 03:53:00.000000000","Medium","Arjun",2,"Bug Report","Chat","Resolved"
"TCK0729000","2025-07-29 00:30:00.000000000","2025-07-29 11:30:00.000000000","Medium","Sneha",6,"Feature Request","Web Form","Resolved"
"TCK0729001","2025-07-29 00:44:00.000000000","2025-07-29 05:19:00.000000000","Medium","Rohit",6,"Login Issue","Web Form","Resolved"
"TCK0729004","2025-07-29 01:51:00.000000000","2025-07-30 05:59:00.000000000","Medium","Kavya",3,"Feature Request","Web Form","Resolved"
"TCK0729006","2025-07-29 02:35:00.000000000","2025-07-29 18:30:00.000000000","Medium","Rohit",1,"Account Locked","Web Form","Resolved"
"TCK0729007","2025-07-29 03:05:00.000000000",\N,"Medium","Sneha",6,"Account Locked","Phone","Open"
"TCK0729007","2025-07-29 03:05:00.000000000",\N,"Medium","Sneha",6,"Account Locked","Phone","Open"
"TCK0729008","2025-07-29 03:08:00.000000000","2025-07-29 05:01:00.000000000","Medum","Ananya",8,"Payment Failure","Web Form","Resolved"
"TCK0729009","2025-07-29 03:15:00.000000000","2025-07-29 20:08:00.000000000","Medium","Kavya",3,"Bug Report","Web Form","Resolved"
"TCK0729010","2025-07-29 03:24:00.000000000","2025-07-29 12:47:00.000000000","Low","Ananya",1,"Payment Failure","Email","Resolved"
"TCK0729011","2025-07-29 03:59:00.000000000","2025-07-29 23:42:00.000000000","Low","Sneha",6,"Account Locked","Chat","Resolved"
"TCK0729012","2025-07-29 04:05:00.000000000",\N,"Low","Rohit",7,"Account Locked","Web Form","Open"
"TCK0729013","2025-07-29 05:20:00.000000000",\N,"Low","Kavya",3,"Bug Report","Email","Open"
"TCK0729014","2025-07-29 06:30:00.000000000","2025-07-29 07:05:00.000000000","Lw","Sneha",4,"Login Issue","Email","Resolved"
"TCK0729015","2025-07-29 06:38:00.000000000","2025-07-30 16:31:00.000000000","Low","Arjun",1,"Payment Failure","Phone","Resolved"
"TCK0729016","2025-07-29 07:34:00.000000000","2025-07-30 03:49:00.000000000","Medium","Kavya",3,"Bug Report","Email","Resolved"
"TCK0729017","2025-07-29 07:53:00.000000000","2025-07-30 09:33:00.000000000","Medium","Rohit",4,"Account Locked","Web Form","Resolved"
"TCK0729018","2025-07-29 08:00:00.000000000","2025-07-29 13:42:00.000000000","Medium","Kavya",7,"Bug Report","Phone","Resolved"
"TCK0729019","2025-07-29 08:09:00.000000000","2025-07-29 11:35:00.000000000","Medum","Rohit",2,"Account Locked","Email","Resolved"
"TCK0729020","2025-07-29 08:13:00.000000000",\N,"Medium","Arjun",8,"Login Issue","Web Form","Open"
"TCK0729022","2025-07-29 09:34:00.000000000",\N,"Medium","Sneha",5,"Account Locked","Phone","Open"
"TCK0729024","2025-07-29 10:07:00.000000000","2025-07-30 07:58:00.000000000","Lw","Rohit",4,"Login Issue","Web Form","Resolved"
"TCK0729025","2025-07-29 10:56:00.000000000","2025-07-30 22:43:00.000000000","Medum","Arjun",6,"Bug Report","Chat","Resolved"
"TCK0730001","2025-07-30 00:37:00.000000000","2025-07-30 03:43:00.000000000","Medum","Arjun",3,"Feature Request","Phone","Resolved"
"TCK0730003","2025-07-30 01:49:00.000000000",\N,"Medium","Kavya",5,"Login Issue","Chat","Open"
"TCK0730004","2025-07-30 03:07:00.000000000","2025-07-30 16:06:00.000000000","Medium","Rohit",7,"Payment Failure","Web Form","Resolved"
"TCK0730005","2025-07-30 03:08:00.000000000","2025-07-31 05:20:00.000000000","High","Sneha",8,"Account Locked","Email","Resolved"
"TCK0730006","2025-07-30 03:09:00.000000000","2025-07-30 04:23:00.000000000","Low","Arjun",2,"Bug Report","Email","Resolved"
"TCK0730007","2025-07-30 03:48:00.000000000","2025-07-31 08:08:00.000000000","Medium","Ananya",6,"Account Locked","Phone","Resolved"
"TCK0730009","2025-07-30 04:22:00.000000000","2025-07-31 07:28:00.000000000","Medum","Rohit",2,"Login Issue","Web Form","Resolved"
"TCK0730010","2025-07-30 05:14:00.000000000","2025-07-31 00:45:00.000000000","High","Kavya",5,"Payment Failure","Web Form","Resolved"
"TCK0730011","2025-07-30 05:19:00.000000000","2025-07-30 21:20:00.000000000","Medium","Ananya",4,"Payment Failure","Phone","Resolved"
"TCK0730012","2025-07-30 05:19:00.000000000","2025-07-30 19:34:00.000000000","Lw","Arjun",2,"Feature Request","Phone","Resolved"
"TCK0730012","2025-07-30 05:19:00.000000000","2025-07-30 19:34:00.000000000","Lw","Arjun",2,"Feature Request","Phone","Resolved"
"TCK0730013","2025-07-30 05:43:00.000000000","2025-07-31 11:55:00.000000000","Medium","Ananya",3,"Account Locked","Email","Resolved"
"TCK0730014","2025-07-30 06:38:00.000000000",\N,"High","Kavya",6,"Payment Failure","Web Form","Open"
"TCK0730015","2025-07-30 06:50:00.000000000","2025-07-31 10:38:00.000000000","High","Kavya",2,"Payment Failure","Chat","Resolved"
"TCK0730016","2025-07-30 07:31:00.000000000","2025-07-30 20:50:00.000000000","Medium","Kavya",7,"Account Locked","Web Form","Resolved"
"TCK0730017","2025-07-30 08:07:00.000000000","2025-07-31 02:41:00.000000000","Lw","Sneha",7,"Feature Request","Email","Resolved"
"TCK0730018","2025-07-30 08:18:00.000000000","2025-07-30 21:08:00.000000000","High","Arjun",6,"Login Issue","Web Form","Resolved"
"TCK0730019","2025-07-30 08:22:00.000000000","2025-07-31 00:05:00.000000000","High","Rohit",2,"Login Issue","Chat","Resolved"
"TCK0730020","2025-07-30 08:48:00.000000000","2025-07-30 10:39:00.000000000","High","Ananya",1,"Bug Report","Chat","Resolved"
"TCK0730021","2025-07-30 10:00:00.000000000","2025-07-30 12:05:00.000000000","High","Sneha",6,"Account Locked","Chat","Resolved"
"TCK0730022","2025-07-30 10:13:00.000000000",\N,"Medium","Arjun",2,"Feature Request","Email","Open"
"TCK0730024","2025-07-30 10:54:00.000000000","2025-07-30 12:22:00.000000000","High","Kavya",5,"Login Issue","Phone","Resolved"
"TCK0731000","2025-07-31 00:39:00.000000000","2025-08-01 11:16:00.000000000","Medum","Kavya",5,"Feature Request","Email","Resolved"
"TCK0731001","2025-07-31 00:58:00.000000000","2025-07-31 14:25:00.000000000","Medium","Rohit",4,"Login Issue","Email","Resolved"
"TCK0731003","2025-07-31 01:53:00.000000000","2025-08-01 07:09:00.000000000","Low","Sneha",8,"Account Locked","Chat","Resolved"
"TCK0731004","2025-07-31 02:32:00.000000000","2025-08-01 01:50:00.000000000","Medium","Ananya",6,"Payment Failure","Email","Resolved"
"TCK0731005","2025-07-31 02:36:00.000000000","2025-07-31 17:05:00.000000000","Low","Arjun",6,"Account Locked","Chat","Resolved"
"TCK0731006","2025-07-31 03:32:00.000000000","2025-07-31 07:49:00.000000000","Low","Ananya",1,"Login Issue","Chat","Resolved"
"TCK0731007","2025-07-31 04:19:00.000000000","2025-07-31 13:40:00.000000000","Low","Ananya",8,"Login Issue","Email","Resolved"
"TCK0731008","2025-07-31 06:33:00.000000000","2025-08-01 07:09:00.000000000","Medium","Ananya",4,"Bug Report","Web Form","Resolved"
"TCK0731010","2025-07-31 07:25:00.000000000","2025-08-01 03:04:00.000000000","Lw","Arjun",4,"Account Locked","Web Form","Escalated"
"TCK0731010","2025-07-31 07:25:00.000000000","2025-08-01 03:04:00.000000000","Lw","Arjun",4,"Account Locked","Web Form","Escalated"
"TCK0731011","2025-07-31 08:15:00.000000000","2025-07-31 23:08:00.000000000","High","Ananya",8,"Payment Failure","Email","Escalated"
"TCK0731012","2025-07-31 08:18:00.000000000","2025-08-01 07:55:00.000000000","Low","Arjun",4,"Bug Report","Web Form","Resolved"
"TCK0731013","2025-07-31 08:51:00.000000000",\N,"High","Sneha",2,"Login Issue","Phone","Open"
"TCK0731016","2025-07-31 10:26:00.000000000","2025-08-01 09:31:00.000000000","Medium","Kavya",5,"Account Locked","Chat","Resolved"
"TCK0731017","2025-07-31 10:52:00.000000000","2025-08-01 21:43:00.000000000","Low","Rohit",7,"Feature Request","Chat","Escalated"
"TCK0731018","2025-07-31 11:38:00.000000000","2025-08-01 12:57:00.000000000","Medium","Kavya",7,"Payment Failure","Web Form","Resolved"
"TCK0731019","2025-07-31 11:38:00.000000000","2025-07-31 20:41:00.000000000","Medum","Arjun",7,"Bug Report","Web Form","Resolved"
"TCK0731020","2025-07-31 11:41:00.000000000",\N,"Medium","Rohit",7,"Account Locked","Phone","Open"
"TCK0731021","2025-07-31 11:59:00.000000000","2025-07-31 15:46:00.000000000","Hgh","Kavya",1,"Feature Request","Web Form","Resolved"
